bea_detail,usd_imports,employment_ours,employment_epa,employment_ratio,energy_ours,energy_epa,energy_ratio,land_ours,land_epa,land_ratio,material_ours,material_epa,material_ratio,water_ours,water_epa,water_ratio
21311A,197122679562.0,8.081261900150671e-09,5.450704403198143e-09,1.4826087240043833,0.0,5.2041751062113895e-05,0.0,1.5124084182623474e-07,2.3946134094068005e-07,0.631587717800764,6.563729769070274e-07,1.707191297145967e-06,0.3844753531747337,1.6004617058828616e-08,1.5073716900130076e-08,1.061756510677901
211000,195520068164.0,7.84574194559557e-09,2.204524096651831e-09,3.558927732979404,0.0,0.00013211792672840423,0.0,1.4918161738535307e-07,5.254543308793132e-07,0.2839097684011995,2.9373966846117656e-07,1.1806782990363497e-07,2.4878891117158846,1.6005993806093657e-08,9.457706665494937e-09,1.6923757917433822
533000,125893007568.0,2.5164225251262128e-08,3.1464574052084766e-09,7.997637345926444,0.0,1.4126345614432735e-06,0.0,2.158022953365813e-07,7.781826929316161e-08,2.773157219978744,1.8567353701018063e-07,1.868244623304651e-08,9.938395362902282,6.550284371866951e-09,2.9035572051535224e-09,2.2559515480669208
4B0000,125635836612.0,2.5836577265964265e-08,1.4113403840123431e-08,1.8306411095892163,0.0,3.2855915554687217e-06,0.0,2.1856821063566813e-07,3.4824112909740844e-07,0.6276346829053935,1.9040745574750375e-07,3.9261457757254324e-08,4.849729648979277,6.691872499694859e-09,1.0490531426660571e-08,0.6378964255984378
561600,121474601440.0,2.6573456193592926e-08,1.7547163337502465e-08,1.5144018256671221,0.0,2.2206733028960924e-06,0.0,2.2316599255022013e-07,9.324402385333817e-08,2.393354376267951,1.948802442598901e-07,3.166731246901904e-08,6.153987473693783,6.85842958218311e-09,3.915421197142777e-09,1.7516454135733728
493000,120093564078.0,2.61546072357378e-08,1.187217431254202e-08,2.2030174546972,0.0,1.1217924270089092e-05,0.0,2.2165217765301003e-07,1.559971656205763e-07,1.4208731086314925,1.9074294426903718e-07,7.344987642528905e-08,2.5969130725911436,6.696337194869866e-09,4.0453216613933895e-08,0.16553287365938038
541100,120093564078.0,2.61546072357378e-08,5.774155289774509e-09,4.529598863067499,0.0,1.4041546180469802e-06,0.0,2.2165217765301003e-07,5.899493068550732e-08,3.757139386002551,1.9074294426903718e-07,1.9982067215638248e-08,9.545706268056144,6.696337194869866e-09,3.5133873805768777e-09,1.9059490086089985
541200,120093564078.0,2.61546072357378e-08,6.809102161913103e-09,3.8411242207576652,0.0,1.2137129807002629e-06,0.0,2.2165217765301003e-07,4.613587944626301e-08,4.804334073899696,1.9074294426903718e-07,1.386648069648268e-08,13.755685270410417,6.696337194869866e-09,2.7607094675111914e-09,2.425585623432764
541300,120093564078.0,2.61546072357378e-08,7.787945470294516e-09,3.358344936478955,0.0,2.8276994467423223e-06,0.0,2.2165217765301003e-07,1.2925255548754007e-07,1.7148765594377535,1.9074294426903718e-07,1.0736220786048977e-07,1.7766302320914942,6.696337194869866e-09,5.967093327150572e-09,1.1222109036574304
541610,120093564078.0,2.61546072357378e-08,7.350639492130155e-09,3.5581403854371874,0.0,1.716533419339249e-06,0.0,2.2165217765301003e-07,7.932970395491211e-08,2.7940628365257534,1.9074294426903718e-07,2.136956405477732e-08,8.925916494136212,6.696337194869866e-09,3.241804636512444e-09,2.06562021642175
5416A0,120093564078.0,2.61546072357378e-08,7.93281362946735e-09,3.297015215204792,0.0,1.5793856631997448e-06,0.0,2.2165217765301003e-07,8.481685779693502e-08,2.613303338632049,1.9074294426903718e-07,3.6008046563238094e-08,5.297231104554655,6.696337194869866e-09,3.0335686361639516e-09,2.2074124564188558
541800,120093564078.0,2.61546072357378e-08,5.933531401851223e-09,4.407932724107222,0.0,2.534102572333509e-06,0.0,2.2165217765301003e-07,1.6550212766195824e-07,1.3392708648781815,1.9074294426903718e-07,3.838520850176643e-08,4.969178277623774,6.696337194869866e-09,6.404116269874229e-09,1.0456301717022662
541920,120093564078.0,2.61546072357378e-08,7.356240128409258e-09,3.555431413220272,0.0,2.3856068492820427e-06,0.0,2.2165217765301003e-07,1.241469788531493e-07,1.785401301752155,1.9074294426903718e-07,4.128104292969104e-08,4.620594120984451,6.696337194869866e-09,5.724292464800456e-09,1.1698104588552491
5419A0,120093564078.0,2.61546072357378e-08,5.577265232067426e-09,4.689503932027023,0.0,1.9094067439525304e-06,0.0,2.2165217765301003e-07,1.0926473929520661e-07,2.02857920206225,1.9074294426903718e-07,2.7069570925058716e-08,7.0463970336694,6.696337194869866e-09,3.943065844713422e-09,1.6982564985182358
550000,120093564078.0,2.61546072357378e-08,6.082475787410475e-09,4.299993645658677,0.0,2.587394457916361e-06,0.0,2.2165217765301003e-07,6.624745785876003e-08,3.3458216332704236,1.9074294426903718e-07,2.331155828479648e-08,8.182333499062457,6.696337194869866e-09,7.544312822733357e-09,0.8876006804346346
561300,120093564078.0,2.61546072357378e-08,1.191170635449156e-08,2.1957061782232112,0.0,8.368588681069971e-07,0.0,2.2165217765301003e-07,3.988624108389681e-08,5.557108707907228,1.9074294426903718e-07,9.132158005400284e-09,20.88695181973874,6.696337194869866e-09,1.7293831888150905e-09,3.872095691792835
561700,120093564078.0,2.61546072357378e-08,1.4987377265474596e-08,1.7451090189067566,0.0,4.268727812794066e-06,0.0,2.2165217765301003e-07,1.8151000162150605e-07,1.2211568270227362,1.9074294426903718e-07,9.477604393826917e-08,2.0125649514689017,6.696337194869866e-09,5.801599364748195e-09,1.1542226158459505
561100,120093564078.0,2.61546072357378e-08,1.2155044526043667e-08,2.15174919184363,0.0,2.0928187569802746e-06,0.0,2.2165217765301003e-07,9.254963291912974e-08,2.394954692545249,1.9074294426903718e-07,2.7596536669180205e-08,6.911843560502242,6.696337194869866e-09,4.65230026082996e-09,1.4393604925395025
561200,120093564078.0,2.61546072357378e-08,9.168991675361294e-09,2.8525063782116704,0.0,3.822939609629474e-06,0.0,2.2165217765301003e-07,2.2015597737183285e-07,1.006796092020932,1.9074294426903718e-07,1.6079499062997876e-07,1.186249294966997,6.696337194869866e-09,1.1170503339606594e-08,0.5994660214752418
561400,120093564078.0,2.61546072357378e-08,1.4966579208714767e-08,1.7475340805004025,0.0,2.8647067668465993e-06,0.0,2.2165217765301003e-07,1.4331735866025124e-07,1.5465829102981143,1.9074294426903718e-07,3.48065821759265e-08,5.480082569007937,6.696337194869866e-09,5.714398839914641e-09,1.171835810286195
561900,120093564078.0,2.61546072357378e-08,1.0138405525057987e-08,2.5797554823679443,0.0,3.5278524736579417e-06,0.0,2.2165217765301003e-07,1.919431103088496e-07,1.1547805873123371,1.9074294426903718e-07,4.833231694551478e-08,3.9464887330781697,6.696337194869866e-09,6.363716356066023e-09,1.0522683319294681
711100,120093564078.0,2.61546072357378e-08,7.469862884335427e-09,3.5013503782760136,0.0,1.9752903038351085e-06,0.0,2.2165217765301003e-07,1.0271610141520052e-07,2.1579107325836326,1.9074294426903718e-07,2.520093960734177e-08,7.568882241734677,6.696337194869866e-09,4.708696391116925e-09,1.4221212494189848
326220,104952526096.0,3.8646044558184146e-08,8.940357978319966e-09,4.322650687131249,0.0,9.137291859591158e-06,0.0,1.111902727269826e-06,2.690430617297677e-06,0.4132805804844147,1.1525115640319022e-06,2.3805083982495378e-07,4.841451367612818,3.0495130694352854e-08,2.988222939261288e-08,1.02051056143393
326210,99539275606.0,2.985756106729045e-08,7.623620350190005e-09,3.916454347906544,0.0,1.0078906918108921e-05,0.0,9.475857587446064e-07,1.3438020155763962e-05,0.07051528035833157,7.607449375031973e-07,5.976052636190843e-07,1.2729890176939584,2.155360270544975e-08,3.920323473956685e-08,0.5497914355443796
333511,95226652778.0,2.4415433412536574e-08,9.09464636804657e-09,2.6845940374678627,0.0,7.40393638543767e-06,0.0,5.078200124573951e-07,1.9501539879808158e-07,2.6039995589435,9.60466396033299e-07,1.0485658861795629e-07,9.159809685710325,3.1909921344017035e-08,1.9524580884916327e-08,1.6343460344733431
3252A0,88592226440.0,4.387518133583098e-08,5.4604274467926315e-09,8.03511845242126,0.0,2.360389687325241e-05,0.0,1.248247215853581e-06,1.2002606499440454e-06,1.0399801209110477,1.001442266044488e-06,3.1189064103182924e-07,3.210876295394475,3.4258186321296234e-08,6.15584778992778e-08,0.5565145125477209
336111,86406564358.0,2.007949295161814e-08,7.581058415404177e-09,2.6486397876605228,0.0,5.994021052000961e-06,0.0,3.699487444907351e-07,4.499433447813171e-07,0.8222118379604854,4.888980404888511e-07,1.2296742743986122e-07,3.975833687567001,1.3041891068958577e-08,1.4176093496506647e-08,0.9199918914313336
336112,86406564358.0,2.007949295161814e-08,6.13005705722399e-09,3.2755801070326713,0.0,6.650001909478273e-06,0.0,3.699487444907351e-07,5.772297184368292e-07,0.640903842394978,4.888980404888511e-07,1.3456021258987518e-07,3.633303121918801,1.3041891068958577e-08,1.4499260723819787e-08,0.8994866233099041
336120,86406564358.0,2.007949295161814e-08,7.055915347370337e-09,2.845767269458745,0.0,6.043340176639348e-06,0.0,3.699487444907351e-07,6.374152049900983e-07,0.5803889546319843,4.888980404888511e-07,1.2832826695011304e-07,3.809745523010201,1.3041891068958577e-08,1.38803135711458e-08,0.9395962852071207
336211,86406564358.0,2.007949295161814e-08,9.057962493109966e-09,2.2167781073162773,0.0,5.905804236021662e-06,0.0,3.699487444907351e-07,6.249773062069573e-07,0.591939484548626,4.888980404888511e-07,1.0963953523452406e-07,4.459140030492426,1.3041891068958577e-08,1.5906712967783816e-08,0.8198985607757291
336212,86406564358.0,2.007949295161814e-08,9.068572760607271e-09,2.2141844677963998,0.0,7.234010446618551e-06,0.0,3.699487444907351e-07,8.705391887658486e-07,0.4249650667825837,4.888980404888511e-07,1.2041020642121565e-07,4.060270761255914,1.3041891068958577e-08,1.7612501482728914e-08,0.7404905590354472
336213,86406564358.0,2.007949295161814e-08,9.308153936417772e-09,2.157193906415529,0.0,5.356666091193086e-06,0.0,3.699487444907351e-07,6.362390618546614e-07,0.5814618539960754,4.888980404888511e-07,1.0892466938076943e-07,4.48840509012521,1.3041891068958577e-08,1.6811216517063398e-08,0.7757850870412053
336214,86406564358.0,2.007949295161814e-08,9.092484769359262e-09,2.208361461245881,0.0,7.858124696858963e-06,0.0,3.699487444907351e-07,1.3625003381815988e-06,0.2715219469115662,4.888980404888511e-07,1.5150313495741978e-07,3.2269829969277977,1.3041891068958577e-08,2.2774877930413518e-08,0.5726437309041498
336411,86406564358.0,2.007949295161814e-08,5.092305855849972e-09,3.9431042675001717,0.0,2.8558051272792853e-06,0.0,3.699487444907351e-07,9.316680941283089e-08,3.9708212272404593,4.888980404888511e-07,5.81963302541236e-08,8.40083968102455,1.3041891068958577e-08,8.423195541546911e-09,1.5483305598962085
336414,86406564358.0,2.007949295161814e-08,5.447680120670176e-09,3.685879586694226,0.0,2.455815889888745e-06,0.0,3.699487444907351e-07,7.593327278738688e-08,4.872024224829494,4.888980404888511e-07,3.712186899958691e-08,13.170081508942655,1.3041891068958577e-08,9.13088063142767e-09,1.4283278465025118
336611,86406564358.0,2.007949295161814e-08,9.865886340147129e-09,2.03524470679425,0.0,4.234945355963828e-06,0.0,3.699487444907351e-07,2.3245971056690463e-07,1.5914531752127408,4.888980404888511e-07,7.001787417240182e-08,6.98247477901228,1.3041891068958577e-08,1.3760341188641042e-08,0.9477883498793231
336612,86406564358.0,2.007949295161814e-08,9.525602246913778e-09,2.1079499680058276,0.0,5.324928537958833e-06,0.0,3.699487444907351e-07,4.02691461006716e-07,0.9186903133378465,4.888980404888511e-07,9.463163827717985e-08,5.1663275558735355,1.3041891068958577e-08,1.5891643324809825e-08,0.8206760498203322
336991,86406564358.0,2.007949295161814e-08,4.868809854936056e-09,4.124107030234774,0.0,6.0319178636063425e-06,0.0,3.699487444907351e-07,5.344143530222279e-07,0.6922507645960395,4.888980404888511e-07,9.397181071569446e-08,5.202603171795635,1.3041891068958577e-08,1.130522191426609e-08,1.1536165471020945
336992,86406564358.0,2.007949295161814e-08,4.930493437539665e-09,4.072511850180635,0.0,7.05811916895422e-06,0.0,3.699487444907351e-07,3.708089925673624e-07,0.997680077630612,4.888980404888511e-07,1.269817160212482e-07,3.8501451689867094,1.3041891068958577e-08,1.226612679366052e-08,1.063244436352883
541700,85593331452.0,1.7583145491234805e-08,6.05548320815779e-09,2.903673395964049,0.0,4.0968795385477565e-06,0.0,4.877716440259489e-07,3.1703791405030565e-07,1.5385277987558053,5.546576958115431e-07,9.099000197582043e-08,6.095809251206932,5.1395031895293805e-08,1.1208304106893913e-08,4.585442311801851
333316,80197621960.0,3.8554759161589484e-08,7.407503576178415e-09,5.204824913696521,0.0,6.245812941566943e-06,0.0,6.494332216730482e-07,3.489991514769616e-07,1.8608447009817992,1.3972110052825312e-06,1.6303844796173284e-07,8.56982523294428,3.243304397850238e-08,1.3776066676641573e-08,2.3543036441232688
5241XX,78267261436.0,1.5549285584690532e-08,4.5555798620109765e-09,3.413239599717299,0.0,7.472456510151317e-07,0.0,9.930077860658572e-08,2.9595464612505618e-08,3.3552701370542426,6.803610989192858e-08,1.1647434438717616e-08,5.841295802083893,2.1336379596793845e-09,1.906554552024569e-09,1.1191066929680433
524200,78267261436.0,1.5549285584690532e-08,6.681771102408836e-09,2.327120361708422,0.0,7.59485095501896e-07,0.0,9.930077860658572e-08,2.5930301734388793e-08,3.829526537089729,6.803610989192858e-08,1.0676843322158319e-08,6.372305731107714,2.1336379596793845e-09,1.5180460709018713e-09,1.4055159461740117
324110,69209513202.0,1.593711541910001e-08,2.1920436948717364e-09,7.270436924402889,0.0,9.618656564857594e-05,0.0,4.5448954261812406e-07,4.1691715424871116e-07,1.090119554896029,1.030956536159224e-06,1.1567023348636875e-07,8.912894053081667,3.375537396400107e-08,1.0219192288522674e-08,3.3031352195918875
326110,66613355946.0,3.9226367789039544e-08,5.9641747433888516e-09,6.576998407452943,0.0,1.5786119628249975e-05,0.0,1.3454659163645074e-06,5.915707984081291e-07,2.274395423143014,1.0351527711034144e-06,2.416387357299094e-07,4.283885892618026,2.8445421688948428e-08,2.9192036135122804e-08,0.9744240366544328
326120,66613355946.0,3.9226367789039544e-08,5.969324664662563e-09,6.571324227220091,0.0,1.4400027253469856e-05,0.0,1.3454659163645074e-06,4.980262552972656e-07,2.701596355721077,1.0351527711034144e-06,2.178709686651403e-07,4.751219391209512,2.8445421688948428e-08,2.760560736462962e-08,1.0304218745570815
326130,66613355946.0,3.9226367789039544e-08,8.494713758536352e-09,4.6177386200471915,0.0,1.266393447785787e-05,0.0,1.3454659163645074e-06,7.044158910564115e-07,1.9100448093905351,1.0351527711034144e-06,3.080369480567324e-07,3.360482492875388,2.8445421688948428e-08,2.5947259715989582e-08,1.0962784509926262
326140,66613355946.0,3.9226367789039544e-08,8.379349375778187e-09,4.681314267958496,0.0,1.5151824623280658e-05,0.0,1.3454659163645074e-06,6.033626865514319e-07,2.2299455142886386,1.0351527711034144e-06,2.7259283796312607e-07,3.7974320192647197,2.8445421688948428e-08,3.102505667713185e-08,0.9168531740319161
326150,66613355946.0,3.9226367789039544e-08,7.680746937734249e-09,5.107103268345796,0.0,1.3764061166810248e-05,0.0,1.3454659163645074e-06,5.162026223372064e-07,2.606468580637294,1.0351527711034144e-06,7.712592103497619e-07,1.3421593638200808,2.8445421688948428e-08,2.5162797713181e-08,1.130455445105291
326160,66613355946.0,3.9226367789039544e-08,6.2839167315979885e-09,6.242343663116038,0.0,1.673500266628945e-05,0.0,1.3454659163645074e-06,6.25428986788984e-07,2.151268880696218,1.0351527711034144e-06,2.0349084281706885e-07,5.086974709884024,2.8445421688948428e-08,3.576310013088301e-08,0.7953846726051738
326190,66613355946.0,3.9226367789039544e-08,7.284410327013314e-09,5.3849750395819305,0.0,1.1886729232878362e-05,0.0,1.3454659163645074e-06,6.729828462179183e-07,1.9992573717530278,1.0351527711034144e-06,2.236262124046357e-07,4.628942018793303,2.8445421688948428e-08,2.5240486485486965e-08,1.1269759679673477
326290,66613355946.0,3.9226367789039544e-08,7.732138329102372e-09,5.073159082190574,0.0,1.0192175703103249e-05,0.0,1.3454659163645074e-06,5.444492642979476e-06,0.2471242050624219,1.0351527711034144e-06,4.2665602038047227e-07,2.4261998463781493,2.8445421688948428e-08,2.9380263343218386e-08,0.9681813044577172
325180,62680982104.0,2.3005382998106828e-08,4.291837215819265e-09,5.360264576976821,0.0,1.7013149838099462e-05,0.0,1.234281873114794e-06,2.9944900745577694e-07,4.121843260065153,1.5859515384596406e-06,5.6583132831277805e-06,0.2802869793704608,3.1387000234548706e-08,2.8387799643633064e-08,1.1056510412418779
325190,62666015726.0,2.3010877319933348e-08,3.855929602079873e-09,5.967660122093872,0.0,2.7151485894795676e-05,0.0,1.2345128233180886e-06,2.0834282281416575e-06,0.5925391653252339,1.5861388162062518e-06,4.2446643492399703e-07,3.7367826657254026,3.138559197060881e-08,7.267205560032078e-08,0.4318797880607945
325110,62512266136.0,2.3019482238403426e-08,2.5024691244165094e-09,9.198707793755812,0.0,4.9866340161424486e-05,0.0,1.232830047023653e-06,5.318167128214472e-07,2.3181483719891385,1.5884882461942046e-06,1.422408234868776e-07,11.16759736940605,3.14856766785248e-08,1.9300353474589692e-08,1.6313523335195887
332119,62300733118.0,3.155661099968631e-08,8.489492282327937e-09,3.717137603785305,0.0,1.0877554607824055e-05,0.0,7.008264239411514e-07,2.0957107325645367e-07,3.3440990354787417,1.359422205186385e-06,1.3989887154173184e-07,9.717177774238653,4.4752121852551e-08,1.8635312571179186e-08,2.401468807223727
332200,62300733118.0,3.155661099968631e-08,7.3253348727926676e-09,4.307872820516648,0.0,7.305237923277908e-06,0.0,7.008264239411514e-07,2.7269679627065797e-07,2.5699840758142414,1.359422205186385e-06,1.0244114107691507e-07,13.270275895947906,4.4752121852551e-08,1.5199037789081614e-08,2.9444049336267293
332310,62300733118.0,3.155661099968631e-08,8.212440274320321e-09,3.8425376557515363,0.0,1.0019351917112037e-05,0.0,7.008264239411514e-07,1.7958453249911618e-07,3.90248767078312,1.359422205186385e-06,1.3940023787963168e-07,9.751936050211114,4.4752121852551e-08,1.5794415446957964e-08,2.8334142534645275
332320,62300733118.0,3.155661099968631e-08,9.00350711039812e-09,3.5049243159081516,0.0,8.631058597364997e-06,0.0,7.008264239411514e-07,2.577471882958743e-07,2.719045854873325,1.359422205186385e-06,1.3557234700497553e-07,10.027282371503784,4.4752121852551e-08,1.7404271154130147e-08,2.5713298451990063
332420,62300733118.0,3.155661099968631e-08,8.147283933545729e-09,3.8732676137325623,0.0,1.0075671373573078e-05,0.0,7.008264239411514e-07,1.8694110177200584e-07,3.748915660055766,1.359422205186385e-06,1.4279224847691663e-07,9.520280125052762,4.4752121852551e-08,1.595111390076791e-08,2.8055797313563513
332430,62300733118.0,3.155661099968631e-08,6.527399426296869e-09,4.834484446065074,0.0,1.1948892150713594e-05,0.0,7.008264239411514e-07,2.3239328126948186e-07,3.015691418068482,1.359422205186385e-06,1.5100987403082024e-07,9.002207398099907,4.4752121852551e-08,2.3667978278811817e-08,1.8908299359313783
332500,62300733118.0,3.155661099968631e-08,7.415856581657641e-09,4.255288738692485,0.0,6.855415404556256e-06,0.0,7.008264239411514e-07,3.932497968842551e-07,1.7821405872141496,1.359422205186385e-06,1.1732044548481747e-07,11.587257443224667,4.4752121852551e-08,1.493146326981665e-08,2.9971692019639904
332600,62300733118.0,3.155661099968631e-08,8.959246774544078e-09,3.5222392901765085,0.0,9.06966438889637e-06,0.0,7.008264239411514e-07,2.5634838338639097e-07,2.733882752382346,1.359422205186385e-06,1.475691993371774e-07,9.212099891389077,4.4752121852551e-08,1.8372589139684623e-08,2.4358092107925513
332710,62300733118.0,3.155661099968631e-08,1.0373196554526248e-08,3.042129861688283,0.0,5.654805109465635e-06,0.0,7.008264239411514e-07,1.3551523635931036e-07,5.17156921073401,1.359422205186385e-06,8.35978378439028e-08,16.261451734251214,4.4752121852551e-08,1.7788577712828242e-08,2.5157785279414435
332720,62300733118.0,3.155661099968631e-08,6.97360076757079e-09,4.52515308109312,0.0,7.573271390242891e-06,0.0,7.008264239411514e-07,1.6221040568286638e-07,4.32047759815927,1.359422205186385e-06,1.0727474699591094e-07,12.672341284927038,4.4752121852551e-08,1.5971939293526506e-08,2.801921609524851
332800,62300733118.0,3.155661099968631e-08,8.509552187445805e-09,3.7083750477777166,0.0,9.643959967722485e-06,0.0,7.008264239411514e-07,2.1728814187816118e-07,3.2253321229748564,1.359422205186385e-06,1.684376755036184e-07,8.070772771719838,4.4752121852551e-08,2.0972034897902777e-08,2.133895068857923
332913,62300733118.0,3.155661099968631e-08,6.930240066968418e-09,4.553465781090973,0.0,6.261100186770052e-06,0.0,7.008264239411514e-07,2.827860772063004e-07,2.4782918270402643,1.359422205186385e-06,1.2963290213943258e-07,10.486706559451985,4.4752121852551e-08,1.4173072914035123e-08,3.1575454472004063
33291A,62300733118.0,3.155661099968631e-08,7.03471375490004e-09,4.485841513836367,0.0,6.185235582187105e-06,0.0,7.008264239411514e-07,2.2136050768949128e-07,3.165995738156784,1.359422205186385e-06,9.804726557869867e-08,13.864968055587745,4.4752121852551e-08,1.4316501540960482e-08,3.1259118524530694
332991,62300733118.0,3.155661099968631e-08,7.651901156901454e-09,4.124022298853737,0.0,6.20708002130674e-06,0.0,7.008264239411514e-07,1.1236303465959355e-07,6.237161768230286,1.359422205186385e-06,7.448425949472404e-08,18.251134057158442,4.4752121852551e-08,1.5886586192330893e-08,2.816975359637345
332996,62300733118.0,3.155661099968631e-08,9.085524872345178e-09,3.473284311370867,0.0,9.768659771865637e-06,0.0,7.008264239411514e-07,1.7740926036285466e-07,3.9503373302371765,1.359422205186385e-06,1.2641583504465293e-07,10.7535753310193,4.4752121852551e-08,1.653826114582633e-08,2.7059750392105064
33299A,62300733118.0,3.155661099968631e-08,5.907138507925228e-09,5.342114622392692,0.0,4.958899489186669e-06,0.0,7.008264239411514e-07,3.8994159816510756e-07,1.7972599672333758,1.359422205186385e-06,7.174787513699466e-08,18.9472120615519,4.4752121852551e-08,1.279333871696134e-08,3.4980799651008128
332999,62300733118.0,3.155661099968631e-08,8.600393977711545e-09,3.669205280765884,0.0,8.620831860585246e-06,0.0,7.008264239411514e-07,2.3144397733954971e-07,3.0280607514490394,1.359422205186385e-06,1.4450124026403613e-07,9.407685378356726,4.4752121852551e-08,1.755944313696992e-08,2.5486071228722054
325130,62282587644.0,2.308831495922167e-08,4.289086901289151e-09,5.383037343515265,0.0,1.6833553297118164e-05,0.0,1.236429039207053e-06,3.5759523011290354e-07,3.4576217328644887,1.5906853544089078e-06,1.4400460748928109e-06,1.1046072637136348,3.1480194933565393e-08,2.1196113471942445e-08,1.4851871299536168
325411,62282587644.0,2.308831495922167e-08,4.093207310896284e-09,5.640641483699015,0.0,4.1192822390603555e-06,0.0,1.236429039207053e-06,3.0015372114417787e-07,4.119319375731272,1.5906853544089078e-06,5.29757566986159e-08,30.026666036286514,3.1480194933565393e-08,1.5477030876892834e-08,2.0339944517759694
325412,62282587644.0,2.308831495922167e-08,3.1704115253482985e-09,7.2824347169521495,0.0,3.0623364060340156e-06,0.0,1.236429039207053e-06,2.8859577549596416e-07,4.284293618235392,1.5906853544089078e-06,4.443810304305425e-08,35.79552783492487,3.1480194933565393e-08,1.0218883928968447e-08,3.0805903220336495
325413,62282587644.0,2.308831495922167e-08,3.734152273309246e-09,6.1830137791249085,0.0,2.6867113627063933e-06,0.0,1.236429039207053e-06,2.0343062507232058e-07,6.07789038040608,1.5906853544089078e-06,3.784332290547639e-08,42.033448235559575,3.1480194933565393e-08,8.29312253085897e-09,3.7959399269004646
325414,62282587644.0,2.308831495922167e-08,2.5309864475703107e-09,9.122259418412108,0.0,1.2794034372026192e-06,0.0,1.236429039207053e-06,6.272408709728471e-08,19.71218867305886,1.5906853544089078e-06,1.6436354284570853e-08,96.77847817518251,3.1480194933565393e-08,4.328387886776444e-09,7.2729606858340485
325320,62282587644.0,2.308831495922167e-08,4.245648054869042e-09,5.438113254051585,0.0,1.3858746642109623e-05,0.0,1.236429039207053e-06,2.6069904538956045e-06,0.47427447897228286,1.5906853544089078e-06,3.483543537417283e-07,4.566285270510068,3.1480194933565393e-08,3.4999015547278796e-08,0.8994594402531132
325510,62282587644.0,2.308831495922167e-08,4.8144886919582605e-09,4.7955902353216775,0.0,1.2274166892892413e-05,0.0,1.236429039207053e-06,8.433547165788635e-07,1.4660842168793784,1.5906853544089078e-06,7.884651904504861e-07,2.017445251451211,3.1480194933565393e-08,2.195637821735177e-08,1.4337608243916615
325520,62282587644.0,2.308831495922167e-08,5.083463181570656e-09,4.541847581964386,0.0,1.495621658154834e-05,0.0,1.236429039207053e-06,8.809133780448513e-07,1.403576185834813,1.5906853544089078e-06,1.1945863290005034e-06,1.3315784014871623,3.1480194933565393e-08,2.7452304376048682e-08,1.1467232222964467
325610,62282587644.0,2.308831495922167e-08,4.585422373379743e-09,5.035155560207235,0.0,9.712530275700006e-06,0.0,1.236429039207053e-06,5.666780061349936e-07,2.1818899371797955,1.5906853544089078e-06,3.845553956544856e-07,4.136427085366143,3.1480194933565393e-08,1.8128276364010752e-08,1.7365244384767655
325620,62282587644.0,2.308831495922167e-08,4.441328953506532e-09,5.19851494922323,0.0,5.9483122385868405e-06,0.0,1.236429039207053e-06,5.235466845181826e-07,2.3616404721289235,1.5906853544089078e-06,1.3449654952585795e-07,11.826960319923202,3.1480194933565393e-08,1.4702870881355777e-08,2.141091708387672
325910,62282587644.0,2.308831495922167e-08,5.6282673306307835e-09,4.102206523412253,0.0,1.5051163493301617e-05,0.0,1.236429039207053e-06,3.773588434373904e-07,3.276533889982084,1.5906853544089078e-06,6.260451640198973e-07,2.5408476030626312,3.1480194933565393e-08,1.806522232718046e-08,1.7425855250173765
3259A0,62282587644.0,2.308831495922167e-08,5.227786090050639e-09,4.416461301498667,0.0,1.4839468489952888e-05,0.0,1.236429039207053e-06,5.639857165279266e-07,2.192305590323987,1.5906853544089078e-06,6.949200082095264e-07,2.2890193628290207,3.1480194933565393e-08,2.2715460544338983e-08,1.3858488526842
331110,52952399838.0,2.4550350956276898e-08,5.820249942995013e-09,4.218092211971855,0.0,2.775111429705141e-05,0.0,8.162613995255049e-07,3.051385487413739e-07,2.6750517195955568,2.5883435013202733e-06,3.3559707193929387e-07,7.712652218218634,7.859207538717627e-08,2.0791420242658663e-08,3.7800243788024392
331510,52952399838.0,2.4550350956276898e-08,7.469740615186022e-09,3.286640356208073,0.0,9.902410175370707e-06,0.0,8.162613995255049e-07,2.0647517045490993e-07,3.953315053461889,2.5883435013202733e-06,5.412429348571288e-07,4.782221318054738,7.859207538717627e-08,2.0133937742196334e-08,3.903462720184361
483000,45217502554.0,3.675567879971242e-08,6.156269236637963e-09,5.970446935778475,0.0,1.6235436960424756e-05,0.0,2.6848010868141323e-07,1.7469466859666327e-07,1.5368534760570323,2.9488581294546656e-07,5.099330446828598e-08,5.7828339626207885,1.233743503046806e-08,6.476705617183246e-09,1.904893592467103
336310,44352475010.0,3.0798732194584694e-08,7.556744865404156e-09,4.075661246098917,0.0,7.2757805843324e-06,0.0,3.1551790507395183e-07,2.427648727872821e-07,1.299685170475294,8.148812437603806e-07,1.3457224699828022e-07,6.055343965318454,1.1722818171539951e-08,1.6489646486604064e-08,0.7109199206340409
336320,44352475010.0,3.0798732194584694e-08,7.587540829259387e-09,4.059119138551104,0.0,5.921041500390888e-06,0.0,3.1551790507395183e-07,1.9872497289067505e-07,1.587711400758516,8.148812437603806e-07,1.0466844593216743e-07,7.785357244039731,1.1722818171539951e-08,1.49480603941493e-08,0.7842367412516131
336350,44352475010.0,3.0798732194584694e-08,7.562220000198486e-09,4.072710420190939,0.0,8.194451740648049e-06,0.0,3.1551790507395183e-07,1.9608340563956235e-07,1.6091004949900363,8.148812437603806e-07,1.4831724423734218e-07,5.49417734903691,1.1722818171539951e-08,1.6721093895933282e-08,0.7010796210163645
336360,44352475010.0,3.0798732194584694e-08,8.367005168338376e-09,3.6809744436552188,0.0,7.492366630088414e-06,0.0,3.1551790507395183e-07,1.5719436754460483e-06,0.20071832725458294,8.148812437603806e-07,1.5862359948501075e-07,5.1372005578361835,1.1722818171539951e-08,2.3871765881881343e-08,0.491074612139924
336370,44352475010.0,3.0798732194584694e-08,6.931037527871351e-09,4.443596225058033,0.0,1.3812557535065855e-05,0.0,3.1551790507395183e-07,2.533896019078792e-07,1.2451888423924342,8.148812437603806e-07,1.778302644106137e-07,4.582354114251347,1.1722818171539951e-08,1.778961099251467e-08,0.6589698997056517
336390,44352475010.0,3.0798732194584694e-08,7.543725703883027e-09,4.082695130170425,0.0,8.771841110686634e-06,0.0,3.1551790507395183e-07,5.113951859153042e-07,0.616974726715959,8.148812437603806e-07,1.767028752427767e-07,4.611590177244111,1.1722818171539951e-08,1.6782695382635736e-08,0.6985062830651743
3363A0,44352475010.0,3.0798732194584694e-08,7.616625816084548e-09,4.0436189118736685,0.0,8.619442992699794e-06,0.0,3.1551790507395183e-07,3.773274040324176e-07,0.8361913333144616,8.148812437603806e-07,1.8107585575925744e-07,4.500220310121163,1.1722818171539951e-08,1.772699599939434e-08,0.6612975019535443
336412,44352475010.0,3.0798732194584694e-08,4.4781462412303345e-09,6.877562843084595,0.0,2.098430743045207e-06,0.0,3.1551790507395183e-07,1.0621821203595607e-07,2.9704689904509545,8.148812437603806e-07,4.0872867065137004e-08,19.936972918042326,1.1722818171539951e-08,6.870515602023324e-09,1.7062501347188055
336413,44352475010.0,3.0798732194584694e-08,6.2726128728404725e-09,4.910032361145521,0.0,4.299809891437554e-06,0.0,3.1551790507395183e-07,1.6387182049084623e-07,1.925394519502372,8.148812437603806e-07,1.1151672270622463e-07,7.307256023897621,1.1722818171539951e-08,1.1891414382600716e-08,0.985822022037391
33641A,44352475010.0,3.0798732194584694e-08,5.242769870309664e-09,5.874515371922202,0.0,2.2078122570613656e-06,0.0,3.1551790507395183e-07,8.839765292827478e-08,3.5693018380245998,8.148812437603806e-07,5.088214807909856e-08,16.015071582544262,1.1722818171539951e-08,8.016053526396178e-09,1.4624176513963778
336500,44352475010.0,3.0798732194584694e-08,6.8024433287500115e-09,4.527598497501065,0.0,7.487906856359886e-06,0.0,3.1551790507395183e-07,2.973475930119368e-07,1.0611079843558229,8.148812437603806e-07,1.310082910742963e-07,6.220073837145559,1.1722818171539951e-08,1.351454719167951e-08,0.867422193675666
336999,44352475010.0,3.0798732194584694e-08,6.689855498816632e-09,4.603796330134886,0.0,7.64559514198764e-06,0.0,3.1551790507395183e-07,6.502974104599097e-07,0.4851901606847983,8.148812437603806e-07,1.4372582424659625e-07,5.669692611136156,1.1722818171539951e-08,1.4650109221489686e-08,0.800186400954895
33721A,43982099132.0,4.344949508354903e-08,8.735249467580339e-09,4.974041696783335,0.0,7.71502353821492e-06,0.0,1.8498639584213104e-05,3.2127062596353794e-06,5.757961696228206,1.1763422169715645e-06,1.2926742202760008e-07,9.100067120704255,3.274914177418194e-08,2.0559407898443946e-08,1.5929029637405356
333991,41858451810.0,3.939467249015773e-08,6.721137592547668e-09,5.861310224304612,0.0,5.6019783332328925e-06,0.0,5.975376278494997e-07,1.8256752718558413e-07,3.272967745474741,1.4345728856042945e-06,9.508538041834777e-08,15.087207721024987,3.0946127818576745e-08,1.2369173960267973e-08,2.501875057944962
334413,41858451810.0,3.939467249015773e-08,4.577163677851677e-09,8.606786923697666,0.0,2.0989189212802445e-06,0.0,5.975376278494997e-07,4.8710009522338163e-08,12.267245145486411,1.4345728856042945e-06,8.170444929554786e-08,17.558075453333547,3.0946127818576745e-08,9.028467916512677e-09,3.4276167456914384
334418,41858451810.0,3.939467249015773e-08,6.252242129736863e-09,6.300887213370881,0.0,2.3985300710293348e-06,0.0,5.975376278494997e-07,9.644620885588966e-08,6.1955533031095396,1.4345728856042945e-06,6.558815070009021e-08,21.872439919278307,3.0946127818576745e-08,9.21837142412177e-09,3.3570059606840985
33441A,41858451810.0,3.939467249015773e-08,7.072441276785042e-09,5.570166078220954,0.0,3.1435488878795396e-06,0.0,5.975376278494997e-07,1.1591587435314411e-07,5.154924907257037,1.4345728856042945e-06,7.923444083471927e-08,18.10542070457431,3.0946127818576745e-08,1.1612399020341028e-08,2.664921155772335
334510,41858451810.0,3.939467249015773e-08,3.195813791105049e-09,12.326961163946862,0.0,1.3824089202488835e-06,0.0,5.975376278494997e-07,5.630929088237857e-08,10.611705785776342,1.4345728856042945e-06,2.6624681374165597e-08,53.881316566525605,3.0946127818576745e-08,4.84877815351462e-09,6.382252773545755
335210,41858451810.0,3.939467249015773e-08,6.984020054697653e-09,5.640687194713844,0.0,6.66810793623799e-06,0.0,5.975376278494997e-07,3.1994691083287544e-07,1.867614931158451,1.4345728856042945e-06,1.9160712074009516e-07,7.487054134852411,3.0946127818576745e-08,1.3827994296663843e-08,2.2379332211644636
335313,41858451810.0,3.939467249015773e-08,6.730107969116152e-09,5.853497844453056,0.0,5.547355065112815e-06,0.0,5.975376278494997e-07,1.5423479157969134e-07,3.8742077693978594,1.4345728856042945e-06,9.507400625580043e-08,15.089012676551343,3.0946127818576745e-08,1.2417190861487537e-08,2.492200382822295
335314,41858451810.0,3.939467249015773e-08,8.572858704183032e-09,4.595278407065724,0.0,3.6712111990587906e-06,0.0,5.975376278494997e-07,1.7625048696467113e-07,3.390275046271358,1.4345728856042945e-06,6.130728812470839e-08,23.39971199975693,3.0946127818576745e-08,1.2289305046867833e-08,2.518134890504973
335911,41858451810.0,3.939467249015773e-08,5.7185173880332275e-09,6.888966110795854,0.0,7.292913192349234e-06,0.0,5.975376278494997e-07,1.7098809206957382e-07,3.4946154472930546,1.4345728856042945e-06,1.7351050139086885e-07,8.267931186324093,3.0946127818576745e-08,1.8022815257573533e-08,1.7170529340898941
335912,41858451810.0,3.939467249015773e-08,6.548915561760609e-09,6.015449751739793,0.0,7.060349590889716e-06,0.0,5.975376278494997e-07,1.9946505505257704e-07,2.995700814320557,1.4345728856042945e-06,1.0455921746115791e-07,13.720195315513102,3.0946127818576745e-08,1.3712007242086641e-08,2.2568634388984963
335999,41858451810.0,3.939467249015773e-08,6.5261053279545254e-09,6.036475127272453,0.0,3.6900454082563704e-06,0.0,5.975376278494997e-07,1.1568018869250986e-07,5.165427499758128,1.4345728856042945e-06,5.46799740978441e-08,26.23580038712667,3.0946127818576745e-08,1.120093747743072e-08,2.7628158697369316
334111,38339170150.0,3.7637747357450304e-08,6.257981918576969e-09,6.014358597892677,0.0,8.3322562764592e-07,0.0,7.060924869809682e-07,2.6062401389622944e-08,27.092380184970498,1.356419552028306e-06,1.662956073039305e-08,81.56676980344064,3.405644918477706e-08,9.20347228684967e-09,3.7003913439755154
334112,38339170150.0,3.7637747357450304e-08,4.915844779241332e-09,7.656414929207545,0.0,1.745008860271066e-06,0.0,7.060924869809682e-07,5.083048542442975e-08,13.891122248492467,1.356419552028306e-06,2.6000448372378757e-08,52.16908310970825,3.405644918477706e-08,7.628364686047527e-09,4.464449536224608
334118,38339170150.0,3.7637747357450304e-08,5.495159164245517e-09,6.84925517760102,0.0,3.172638196063063e-06,0.0,7.060924869809682e-07,1.6012464574908451e-07,4.409642773464216,1.356419552028306e-06,8.112761637760069e-08,16.719578518306044,3.405644918477706e-08,9.387643940885738e-09,3.6277951527807715
721000,35377741480.0,2.5157060987150386e-08,1.2209697886211847e-08,2.0604163363910684,0.0,3.950863945318254e-06,0.0,4.829025055106486e-07,2.811597682315716e-07,1.7175377136920797,1.707570847453657e-07,3.908231535749367e-08,4.369165009376156,9.271451095469958e-09,1.4128289117921054e-08,0.6562331091957602
722110,35377741480.0,2.5157060987150386e-08,1.9583375833053235e-08,1.2846130923295547,0.0,4.599375751790587e-06,0.0,4.829025055106486e-07,5.010957321270726e-07,0.9636931120143518,1.707570847453657e-07,5.424785269353134e-08,3.1477206242621882,9.271451095469958e-09,1.941900845923683e-08,0.4774420442182725
722211,35377741480.0,2.5157060987150386e-08,1.770675387426736e-08,1.4207607541046985,0.0,6.323012519911943e-06,0.0,4.829025055106486e-07,6.90406560045552e-07,0.6994465775046914,1.707570847453657e-07,7.497597607780345e-08,2.277490653381679,9.271451095469958e-09,2.6721186779381674e-08,0.3469700343782597
722A00,35377741480.0,2.5157060987150386e-08,1.7275355681176162e-08,1.4562398280784694,0.0,3.5342317348370097e-06,0.0,4.829025055106486e-07,2.8395308201208113e-07,1.7006418880500227,1.707570847453657e-07,4.2679708637531804e-08,4.000896215003793,9.271451095469958e-09,1.2260581734625531e-08,0.7561999337507888
332410,32925919660.0,1.0903264167170115e-08,7.0053848712266895e-09,1.556411869953532,0.0,6.674787253148214e-06,0.0,1.426231992452113e-07,1.5972827569829836e-07,0.8929114060844439,2.0558271628850837e-07,1.0741638440315529e-07,1.913886018700044,7.610569502312833e-09,1.4313595214054912e-08,0.5317021606730785
333111,32925919660.0,1.0903264167170115e-08,7.420245656628127e-09,1.469393962372497,0.0,6.995622287108613e-06,0.0,1.426231992452113e-07,7.388689105854696e-07,0.19302909785742456,2.0558271628850837e-07,1.5288730562185358e-07,1.3446683192716462,7.610569502312833e-09,1.415811005229914e-08,0.5375413437386687
333112,32925919660.0,1.0903264167170115e-08,7.739226432924153e-09,1.4088312652005552,0.0,6.221144434993588e-06,0.0,1.426231992452113e-07,4.6785850124178754e-07,0.3048425942174003,2.0558271628850837e-07,1.217556906190615e-07,1.6884854846884938,7.610569502312833e-09,1.437552170162068e-08,0.5294117083385451
333120,32925919660.0,1.0903264167170115e-08,6.760797301520768e-09,1.612718689956515,0.0,6.206928669498239e-06,0.0,1.426231992452113e-07,3.211952195854986e-07,0.4440389848555843,2.0558271628850837e-07,1.039240217775849e-07,1.978202082368313,7.610569502312833e-09,1.2461199182427303e-08,0.6107413412543157
333130,32925919660.0,1.0903264167170115e-08,7.688370122452707e-09,1.4181502702801472,0.0,7.468552837268585e-06,0.0,1.426231992452113e-07,2.4645987326622903e-07,0.5786873025417324,2.0558271628850837e-07,1.5536363678244204e-07,1.3232357361484066,7.610569502312833e-09,1.3966027644640112e-08,0.5449344434910682
333242,32925919660.0,1.0903264167170115e-08,5.98306318469596e-09,1.8223548424257838,0.0,3.733266239332334e-06,0.0,1.426231992452113e-07,1.482325515036609e-07,0.9621584314541665,2.0558271628850837e-07,6.208162838453276e-08,3.3114903980148815,7.610569502312833e-09,1.0912761544965561e-08,0.697400879782245
33329A,32925919660.0,1.0903264167170115e-08,7.550006426788046e-09,1.4441397199987054,0.0,5.205503116741818e-06,0.0,1.426231992452113e-07,1.9089423424109648e-07,0.7471320431034097,2.0558271628850837e-07,8.506369557875639e-08,2.416809132142269,7.610569502312833e-09,1.3224331147830888e-08,0.5754974990596142
333414,32925919660.0,1.0903264167170115e-08,7.329154194346287e-09,1.487656539629211,0.0,6.993935383526191e-06,0.0,1.426231992452113e-07,2.642858413255535e-07,0.5396550890878966,2.0558271628850837e-07,1.4127525621531226e-07,1.4551926628622605,7.610569502312833e-09,1.4848799100519355e-08,0.5125377110157443
333415,32925919660.0,1.0903264167170115e-08,7.072347009068747e-09,1.5416755078885482,0.0,5.200775560892549e-06,0.0,1.426231992452113e-07,1.745797412701697e-07,0.8169516016437196,2.0558271628850837e-07,8.660353566681412e-08,2.373837450233412,7.610569502312833e-09,1.2546392324599784e-08,0.6065942547795788
333413,32925919660.0,1.0903264167170115e-08,8.331664449155546e-09,1.3086537790507409,0.0,6.108530791954169e-06,0.0,1.426231992452113e-07,2.547119449646724e-07,0.5599391864601897,2.0558271628850837e-07,9.733288776961735e-08,2.112160863603611,7.610569502312833e-09,1.8393327868507442e-08,0.4137679465467173
333517,32925919660.0,1.0903264167170115e-08,9.858829827964683e-09,1.1059389762710867,0.0,5.887062719625609e-06,0.0,1.426231992452113e-07,1.8258935917941643e-07,0.7811145177691682,2.0558271628850837e-07,1.221835601801909e-07,1.682572647132921,7.610569502312833e-09,1.494830267683343e-08,0.5091259969004733
33351B,32925919660.0,1.0903264167170115e-08,8.025961097674323e-09,1.3584995036083025,0.0,5.50078342685918e-06,0.0,1.426231992452113e-07,1.4132749121403439e-07,1.0091681244749093,2.0558271628850837e-07,1.2753403920741115e-07,1.6119831032259953,7.610569502312833e-09,1.4869203448561176e-08,0.5118343782598034
333611,32925919660.0,1.0903264167170115e-08,6.257043940085405e-09,1.7425583504886322,0.0,5.4827006491855495e-06,0.0,1.426231992452113e-07,2.3752791966103153e-07,0.6004481471009567,2.0558271628850837e-07,9.797157993747097e-08,2.0983913541020645,7.610569502312833e-09,1.1986681330809139e-08,0.6349188146640331
333612,32925919660.0,1.0903264167170115e-08,7.400266624498619e-09,1.473360990950624,0.0,4.98572298310632e-06,0.0,1.426231992452113e-07,1.3279155331271965e-07,1.0740381875746152,2.0558271628850837e-07,7.883111323075393e-08,2.607888026225482,7.610569502312833e-09,1.3014573580777063e-08,0.58477286674639
333613,32925919660.0,1.0903264167170115e-08,6.717579144988597e-09,1.6230942623585007,0.0,5.815113556070993e-06,0.0,1.426231992452113e-07,1.4063548927196385e-07,1.014133772233007,2.0558271628850837e-07,8.690957329399024e-08,2.365478375933119,7.610569502312833e-09,1.3454754251760936e-08,0.5656416579527473
333618,32925919660.0,1.0903264167170115e-08,7.010108850444855e-09,1.5553630335537805,0.0,5.925121702131217e-06,0.0,1.426231992452113e-07,7.180056723225351e-07,0.19863798399233756,2.0558271628850837e-07,1.589720996561225e-07,1.293199981211865,7.610569502312833e-09,1.422008688787411e-08,0.5351985232103322
333912,32925919660.0,1.0903264167170115e-08,6.69978165074524e-09,1.6274058970201375,0.0,5.309296166442358e-06,0.0,1.426231992452113e-07,1.926085653589754e-07,0.7404821222742427,2.0558271628850837e-07,9.694988556927006e-08,2.1205049916394265,7.610569502312833e-09,1.2002464656482172e-08,0.6340838919448591
33391A,32925919660.0,1.0903264167170115e-08,6.2337763297881946e-09,1.749062460754118,0.0,4.9482526901820475e-06,0.0,1.426231992452113e-07,1.813537146919074e-07,0.7864366025670144,2.0558271628850837e-07,9.237581507271252e-08,2.225503678930317,7.610569502312833e-09,1.1496203904215754e-08,0.662007177823453
333920,32925919660.0,1.0903264167170115e-08,7.454410604483753e-09,1.46265945702158,0.0,7.539786834180885e-06,0.0,1.426231992452113e-07,2.997271089522559e-07,0.4758435089297512,2.0558271628850837e-07,1.1465821205972958e-07,1.7930047276632304,7.610569502312833e-09,1.362406709975918e-08,0.5586121564571095
333993,32925919660.0,1.0903264167170115e-08,7.555954027837207e-09,1.4430029784459966,0.0,4.085712141298058e-06,0.0,1.426231992452113e-07,1.461106483380784e-07,0.9761314515229741,2.0558271628850837e-07,6.245563918686496e-08,3.291659791895052,7.610569502312833e-09,1.302235089852851e-08,0.5844236237846122
333994,32925919660.0,1.0903264167170115e-08,7.849217711575666e-09,1.389089278424585,0.0,4.942064845776826e-06,0.0,1.426231992452113e-07,9.701206855737242e-08,1.4701593458020608,2.0558271628850837e-07,6.655214830230978e-08,3.089047033533151,7.610569502312833e-09,1.258462946790159e-08,0.6047511785487514
33399A,32925919660.0,1.0903264167170115e-08,6.915904424808484e-09,1.5765492837145518,0.0,6.361780191334265e-06,0.0,1.426231992452113e-07,2.857405300777432e-07,0.4991353491449285,2.0558271628850837e-07,9.929194685676389e-08,2.070487313387831,7.610569502312833e-09,1.645367908447969e-08,0.4625451525605405
33399B,32925919660.0,1.0903264167170115e-08,7.012919798064394e-09,1.5547396064873689,0.0,7.234430425017835e-06,0.0,1.426231992452113e-07,1.8850794331301368e-07,0.7565898642710686,2.0558271628850837e-07,1.0166222904196036e-07,2.022213345367979,7.610569502312833e-09,1.319372692912867e-08,0.5768324252270578
335221,32925919660.0,1.0903264167170115e-08,6.417603395579425e-09,1.6989619792772646,0.0,6.903249811932637e-06,0.0,1.426231992452113e-07,2.170833455391906e-07,0.6569974259930649,2.0558271628850837e-07,1.2016408410207306e-07,1.7108499417669316,7.610569502312833e-09,1.2847896888630075e-08,0.5923591672850295
335222,32925919660.0,1.0903264167170115e-08,6.627053076864946e-09,1.6452658580981385,0.0,6.031165286907433e-06,0.0,1.426231992452113e-07,3.490285170063616e-07,0.4086290726858051,2.0558271628850837e-07,1.0253345144650257e-07,2.005030684018009,7.610569502312833e-09,1.318164389870407e-08,0.5773611820192663
335224,32925919660.0,1.0903264167170115e-08,7.487030709996732e-09,1.4562868231075914,0.0,7.251416346729853e-06,0.0,1.426231992452113e-07,2.5418170876482164e-07,0.5611072485832235,2.0558271628850837e-07,1.1376870180476746e-07,1.8070234873673618,7.610569502312833e-09,1.2830804747755251e-08,0.5931482593595154
335228,32925919660.0,1.0903264167170115e-08,6.153417281096017e-09,1.7719039143771635,0.0,6.270033388710383e-06,0.0,1.426231992452113e-07,2.0884381772465578e-07,0.6829179853111516,2.0558271628850837e-07,1.2617375573183412e-07,1.6293619469126974,7.610569502312833e-09,9.507020802205343e-09,0.8005209687294899
335311,32925919660.0,1.0903264167170115e-08,8.230467201741766e-09,1.3247442581221538,0.0,9.051184752948602e-06,0.0,1.426231992452113e-07,1.975547116351703e-07,0.7219427877204846,2.0558271628850837e-07,1.159453195057206e-07,1.773100606086692,7.610569502312833e-09,1.424868024094116e-08,0.5341245205605186
335312,32925919660.0,1.0903264167170115e-08,7.782058192684468e-09,1.4010771825658848,0.0,5.313236949371381e-06,0.0,1.426231992452113e-07,1.9920156126962468e-07,0.7159743042985841,2.0558271628850837e-07,8.835157324591387e-08,2.3268710305395297,7.610569502312833e-09,1.3218251874709132e-08,0.5757621790271948
518200,31099540202.0,2.504860184234823e-08,5.917403111125601e-09,4.233039624299572,0.0,3.009184534157231e-06,0.0,1.767550248105112e-07,2.2591255260291822e-07,0.7824046197255352,2.041509282375724e-07,5.847827176697249e-08,3.491056114843553,8.77697863785282e-09,6.65994007149577e-09,1.3178765189521562
S00500,30971626364.0,3.9100303799596746e-08,3.3370655257167e-09,11.716972141624098,0.0,5.215739749237652e-06,0.0,5.465324875439919e-07,3.2472431565485355e-07,1.6830661000603853,3.6246078485076224e-07,4.701385943846573e-08,7.709658155701308,7.000278172411703e-09,4.346791053345468e-09,1.6104473590981565
S00600,30971626364.0,3.9100303799596746e-08,7.349790092550892e-09,5.319921155193999,0.0,3.4433369036188807e-06,0.0,5.465324875439919e-07,6.05182717818728e-08,9.030867396773486,3.6246078485076224e-07,4.9985442634001166e-08,7.251326901408865,7.000278172411703e-09,2.504768656849553e-09,2.794780329619946
S00102,30971626364.0,3.9100303799596746e-08,5.73573076254047e-09,6.816969871556251,0.0,4.826514214550523e-06,0.0,5.465324875439919e-07,3.891702214152839e-07,1.4043533072916865,3.6246078485076224e-07,3.586997006756283e-08,10.104853284461898,7.000278172411703e-09,1.3795075282335263e-08,0.507447623818018
GSLGE,30971626364.0,3.9100303799596746e-08,1.4694315462632127e-09,26.60913596079343,0.0,6.3133906322370145e-06,0.0,5.465324875439919e-07,2.651015960958718e-07,2.061596367553905,3.6246078485076224e-07,4.5060928274680773e-08,8.043793120312278,7.000278172411703e-09,6.076738312432429e-09,1.1519795344962935
GSLGH,30971626364.0,3.9100303799596746e-08,3.493213542272024e-09,11.193218887547735,0.0,5.157305040602564e-06,0.0,5.465324875439919e-07,6.252618919907051e-07,0.8740857143939238,3.6246078485076224e-07,1.1214667637148707e-07,3.232024314747474,7.000278172411703e-09,1.6406529912829297e-08,0.42667634226161044
GSLGO,30971626364.0,3.9100303799596746e-08,7.33732555614715e-09,5.328958555864928,0.0,9.059236614028996e-06,0.0,5.465324875439919e-07,3.225763492194876e-07,1.694273274734472,3.6246078485076224e-07,1.486213287906725e-07,2.4388207789561247,7.000278172411703e-09,8.391900862847434e-09,0.8341707423407831
S00203,30971626364.0,3.9100303799596746e-08,5.217694467114036e-09,7.493789459317182,0.0,8.540219746160304e-06,0.0,5.465324875439919e-07,2.457626943777079e-07,2.2238220040997625,3.6246078485076224e-07,3.684651913141908e-07,0.9837042776224997,7.000278172411703e-09,3.6563348499985986e-08,0.19145615649546938
311520,29823648082.0,4.278483961759618e-08,7.858059457074796e-09,5.444708054362707,0.0,9.511074535744602e-06,0.0,2.83060609379142e-06,2.0110160636115923e-06,1.407550215540259,8.61531088663414e-07,1.8151854805276653e-07,4.746242727839423,1.7636843036565424e-08,6.789506328978038e-08,0.2597662065839791
311300,28110574292.0,4.5178728360645046e-08,6.962473967380459e-09,6.488890094571221,0.0,1.1151104082966106e-05,0.0,2.6880987636565217e-06,2.3292936255728928e-06,1.154040321127561,9.271244240434104e-07,1.622237408651328e-07,5.7150970573055,1.8479416130172582e-08,1.2100136800047317e-07,0.15272072072854845
311990,27283583960.0,4.4202403971857076e-08,8.311239808042766e-09,5.318388711282584,0.0,7.984578548488265e-06,0.0,2.528076960164877e-06,3.1058477777713014e-06,0.8139732340581669,9.129665676077843e-07,2.6360202975162184e-07,3.4634276847868892,1.7572141574321212e-08,1.6503704730279594e-07,0.10647392122861567
311111,27192207338.0,4.413029016305892e-08,5.515651827509039e-09,8.000920207283807,0.0,8.047393369711683e-06,0.0,2.5273417176383845e-06,4.863654561648447e-06,0.5196384088556215,9.123569738794407e-07,3.313564714445631e-07,2.7534001973825357,1.7494607704583227e-08,9.643268366808185e-08,0.1814178247366743
311119,27192207338.0,4.413029016305892e-08,5.613591273084299e-09,7.861329408617993,0.0,8.286547077116546e-06,0.0,2.5273417176383845e-06,4.764664635590479e-06,0.530434335033776,9.123569738794407e-07,6.777949928541811e-07,1.3460662641332355,1.7494607704583227e-08,1.3732011484909537e-07,0.1274001825865679
311210,27192207338.0,4.413029016305892e-08,5.771266189149551e-09,7.646552544401341,0.0,1.0607674659025833e-05,0.0,2.5273417176383845e-06,5.99007734039649e-06,0.4219213833174142,9.123569738794407e-07,8.777564194419625e-07,1.039419312318417,1.7494607704583227e-08,2.4541052732741876e-07,0.07128711182484233
311221,27192207338.0,4.413029016305892e-08,5.103112089219533e-09,8.647721114393194,0.0,1.764572145833358e-05,0.0,2.5273417176383845e-06,4.582124821141822e-06,0.5515654453534933,9.123569738794407e-07,7.061591192836053e-07,1.2919991386714966,1.7494607704583227e-08,1.801176847176879e-07,0.097128761853695
311230,27192207338.0,4.413029016305892e-08,5.576977651181949e-09,7.912940112590595,0.0,9.198918644320079e-06,0.0,2.5273417176383845e-06,2.8353101702274623e-06,0.8913810362538321,9.123569738794407e-07,2.4423231337149005e-07,3.7356112354047855,1.7494607704583227e-08,7.718687245704876e-08,0.22665263078664366
311410,27192207338.0,4.413029016305892e-08,8.102205196787283e-09,5.446701125337783,0.0,8.54531573520106e-06,0.0,2.5273417176383845e-06,3.7848466986265744e-06,0.6677527305281594,9.123569738794407e-07,3.776903622419615e-07,2.415621538404396,1.7494607704583227e-08,1.4720865069811313e-07,0.11884225296283805
311420,27192207338.0,4.413029016305892e-08,7.457321012465666e-09,5.917713625213489,0.0,8.438654653247511e-06,0.0,2.5273417176383845e-06,2.186587577035353e-06,1.1558383227737152,9.123569738794407e-07,1.794223506867565e-07,5.084968346403364,1.7494607704583227e-08,1.0680404056395146e-07,0.16380099116295058
311810,27192207338.0,4.413029016305892e-08,1.1725792657235719e-08,3.763522983312103,0.0,7.138804041088528e-06,0.0,2.5273417176383845e-06,1.6367688665849369e-06,1.5441042221872157,9.123569738794407e-07,1.9877037936799836e-07,4.590004691746985,1.7494607704583227e-08,6.77835069553619e-08,0.25809534635179193
3118A0,27192207338.0,4.413029016305892e-08,7.3564204200284e-09,5.998880928951659,0.0,8.66216582749546e-06,0.0,2.5273417176383845e-06,2.7767868880490344e-06,0.9101676936446824,9.123569738794407e-07,2.995621197616287e-07,3.045635324671333,1.7494607704583227e-08,9.948306565550038e-08,0.17585513262292554
311910,27192207338.0,4.413029016305892e-08,6.188995628739516e-09,7.130444551961451,0.0,8.760838510791562e-06,0.0,2.5273417176383845e-06,2.9542877555790724e-06,0.8554825821775774,9.123569738794407e-07,2.28067508766888e-07,4.000381197709217,1.7494607704583227e-08,1.639781429923683e-07,0.10668865609362001
311940,27192207338.0,4.413029016305892e-08,6.993052468980416e-09,6.31059045514256,0.0,8.14717524363168e-06,0.0,2.5273417176383845e-06,3.938847947593954e-06,0.6416449051256756,9.123569738794407e-07,2.3499677974578569e-07,3.882423303274233,1.7494607704583227e-08,1.9900345506346242e-07,0.08791107520723285
321100,25787405114.0,3.7692819254322745e-08,8.665075294516837e-09,4.349970193354735,0.0,1.2874775640971326e-05,0.0,2.9608252424959365e-05,3.5910825264070975e-05,0.8244937900266699,1.1827091506559562e-06,1.8658975657890276e-07,6.3385534787158955,2.814850880850823e-08,5.418994721340441e-08,0.5194415247842393
321200,25787405114.0,3.7692819254322745e-08,8.843052273166523e-09,4.262421852768907,0.0,1.0832700087699759e-05,0.0,2.9608252424959365e-05,2.023530643804771e-05,1.4631976301227663,1.1827091506559562e-06,1.460783009864653e-07,8.096405439200298,2.814850880850823e-08,4.2895124187102525e-08,0.6562169790144068
321910,25787405114.0,3.7692819254322745e-08,9.523117323805052e-09,3.958033695552773,0.0,7.494638215940843e-06,0.0,2.9608252424959365e-05,1.168632569871723e-05,2.533580972179251,1.1827091506559562e-06,1.2505678903176348e-07,9.457376603165118,2.814850880850823e-08,2.9984009872818925e-08,0.9387840028036206
3219A0,25787405114.0,3.7692819254322745e-08,9.453031830609551e-09,3.9873788568309765,0.0,8.789413558251124e-06,0.0,2.9608252424959365e-05,6.719343775580454e-06,4.406420241893583,1.1827091506559562e-06,1.2989834153360033e-07,9.104882608143454,2.814850880850823e-08,2.6489134779525764e-08,1.0626435722719432
337110,25787405114.0,3.7692819254322745e-08,1.271225045575458e-08,2.9650784009891784,0.0,6.346680593360813e-06,0.0,2.9608252424959365e-05,3.98899130815053e-06,7.4224910855188195,1.1827091506559562e-06,1.4072929249533342e-07,8.404143371183187,2.814850880850823e-08,2.3623436569758743e-08,1.1915501254606709
337121,25787405114.0,3.7692819254322745e-08,1.1271250808980875e-08,3.3441558433150385,0.0,7.661737445313865e-06,0.0,2.9608252424959365e-05,1.4730736225961439e-06,20.099641980404076,1.1827091506559562e-06,1.4852440720482544e-07,7.9630625896046725,2.814850880850823e-08,2.805863802998855e-08,1.0032029629671841
337122,25787405114.0,3.7692819254322745e-08,1.2498954701917794e-08,3.015677722917045,0.0,7.617532010431973e-06,0.0,2.9608252424959365e-05,4.4747384980757495e-06,6.616755914941546,1.1827091506559562e-06,1.543452431093894e-07,7.662750900704678,2.814850880850823e-08,2.6886464199684006e-08,1.046939776069144
337127,25787405114.0,3.7692819254322745e-08,9.642651523224729e-09,3.908968312661514,0.0,7.895539547579424e-06,0.0,2.9608252424959365e-05,1.8073659542021427e-06,16.381990795012985,1.1827091506559562e-06,3.8685486006241373e-07,3.057242580499421,2.814850880850823e-08,2.0079347861294172e-08,1.4018636961197593
337215,25787405114.0,3.7692819254322745e-08,1.0304316204642595e-08,3.6579641487845937,0.0,1.0055468993356708e-05,0.0,2.9608252424959365e-05,1.5297230524456506e-06,19.355302502386337,1.1827091506559562e-06,1.4930509792721248e-07,7.921425102527557,2.814850880850823e-08,2.180067774974918e-08,1.291175858458441
314900,24729314652.0,5.7179101802792656e-08,1.0518280454766874e-08,5.436164404313743,0.0,8.014106005451826e-06,0.0,9.463667040245802e-07,9.425074488261602e-07,1.0040946681145348,9.433338662344746e-07,1.3577238799658573e-07,6.947906567410427,5.089752860976289e-08,3.732504956089766e-08,1.3636292304641435
322120,23687097282.0,2.2670570125452657e-08,5.750749821964608e-09,3.942193770778189,0.0,4.2748330283683356e-05,0.0,1.630811894767478e-05,6.245929861011227e-06,2.6109993724832616,1.3009614320036295e-06,6.775665420489679e-07,1.9200496944101009,4.879445489837623e-08,3.5463617380603296e-08,1.375901797459167
322130,23687097282.0,2.2670570125452657e-08,5.577086728965729e-09,4.0649484627356545,0.0,4.629790272346431e-05,0.0,1.630811894767478e-05,1.010489798895035e-05,1.6138825909482328,1.3009614320036295e-06,5.509120449053839e-07,2.3614684849140706,4.879445489837623e-08,3.95230259930475e-08,1.2345829721378032
322210,23687097282.0,2.2670570125452657e-08,7.403828266551226e-09,3.0620064795226303,0.0,2.7795679973010265e-05,0.0,1.630811894767478e-05,3.9782652138589384e-06,4.099304111466168,1.3009614320036295e-06,3.299184172366469e-07,3.9432822298928043,4.879445489837623e-08,2.726736771870008e-08,1.7894816764770727
322220,23687097282.0,2.2670570125452657e-08,7.021148088277307e-09,3.2288978726006414,0.0,1.8019644232000152e-05,0.0,1.630811894767478e-05,1.8495860196807765e-06,8.817172477595514,1.3009614320036295e-06,3.519447289118653e-07,3.6964935830291092,4.879445489837623e-08,2.646840402599061e-08,1.8434981894058513
322291,23687097282.0,2.2670570125452657e-08,6.288198503373467e-09,3.60525675410699,0.0,2.6147364014640905e-05,0.0,1.630811894767478e-05,3.275771892940066e-06,4.978404931925202,1.3009614320036295e-06,3.8658605278216944e-07,3.36525703046169,4.879445489837623e-08,3.011997939656184e-08,1.6200029308103068
322299,23687097282.0,2.2670570125452657e-08,8.008482333976451e-09,2.830819770841155,0.0,2.1065942115637696e-05,0.0,1.630811894767478e-05,2.359356822530029e-06,6.912103668230632,1.3009614320036295e-06,2.7172598941591813e-07,4.7877696012813455,4.879445489837623e-08,2.5880918142182854e-08,1.8853448177654488
511200,23685328630.0,2.790757140531176e-08,3.635320904020418e-09,7.676783464823664,0.0,1.2156114396390639e-06,0.0,2.040925872515538e-07,6.568578887172082e-08,3.107104150794787,2.2617376704728458e-07,1.6852582066954498e-08,13.420718922993942,9.87332722518358e-09,2.7579547738994034e-09,3.5799452980963604
541511,23685328630.0,2.790757140531176e-08,7.45396353181918e-09,3.7439908695797937,0.0,1.954021735797675e-06,0.0,2.040925872515538e-07,8.778895954164053e-08,2.3248092734798558,2.2617376704728458e-07,2.6293649269741898e-08,8.601840114584625,9.87332722518358e-09,4.41183575527026e-09,2.2379181304265847
541512,23685328630.0,2.790757140531176e-08,6.908752438840252e-09,4.039451645194064,0.0,1.3836381114561658e-06,0.0,2.040925872515538e-07,5.849760159349334e-08,3.4889052147781543,2.2617376704728458e-07,2.085037988674491e-08,10.847465047438714,9.87332722518358e-09,2.5348649307157092e-09,3.895011172211012
54151A,23685328630.0,2.790757140531176e-08,6.3936900403183246e-09,4.364861485203045,0.0,1.7844691572238605e-06,0.0,2.040925872515538e-07,7.617523710529989e-08,2.6792510927065307,2.2617376704728458e-07,2.1667764361055136e-08,10.438260416649223,9.87332722518358e-09,3.1142202364153556e-09,3.170401087801144
331200,23600209454.0,2.3898092985119997e-08,7.239297252843487e-09,3.3011619982496483,0.0,1.5875976229802474e-05,0.0,8.442721679583615e-07,2.548461973870187e-07,3.312869395795689,1.430072053630851e-06,2.5114497714996645e-07,5.694209256579758,1.7501399756856578e-07,1.9052362886245398e-08,9.185947098189843
325120,22451727442.0,1.554446092852226e-08,4.738534462455629e-09,3.2804363989930176,0.0,2.6244921726708655e-05,0.0,4.519474069963191e-07,4.216452777035278e-07,1.0718664026259952,1.1691750698387086e-06,3.334785274736022e-07,3.505998058394507,4.037221645156645e-08,6.375008063020254e-08,0.6332888688526539
337900,21978870494.0,5.796476212677938e-08,9.593014661729567e-09,6.04239273791839,0.0,6.77506049585535e-06,0.0,9.535976839993477e-07,7.68223458894659e-07,1.2413024790617695,8.992727813467775e-07,1.687457256335995e-07,5.329158874811347,5.187545921940131e-08,2.382759622980311e-08,2.1771167649096075
313100,21978870494.0,5.796476212677938e-08,7.969623527099215e-09,7.273212082061473,0.0,1.5826858572766885e-05,0.0,9.535976839993477e-07,3.623877733589973e-06,0.26314289667126045,8.992727813467775e-07,2.4067856194768474e-07,3.7364058272138445,5.187545921940131e-08,2.716779755601614e-07,0.19094466201185975
313200,21978870494.0,5.796476212677938e-08,8.011496509684921e-09,7.235197825613112,0.0,1.3211798189872099e-05,0.0,9.535976839993477e-07,1.3065409398498253e-06,0.7298643731048756,8.992727813467775e-07,2.309362601062256e-07,3.8940302442463204,5.187545921940131e-08,7.729985494573981e-08,0.671093875348343
313300,21978870494.0,5.796476212677938e-08,8.748851219076648e-09,6.625414088696433,0.0,1.2388381655676229e-05,0.0,9.535976839993477e-07,9.150935144768937e-07,1.0420767592746678,8.992727813467775e-07,1.9634606437696764e-07,4.580039758883329,5.187545921940131e-08,5.691107835599958e-08,0.9115177697899408
314110,21978870494.0,5.796476212677938e-08,8.158387510176352e-09,7.104928768641735,0.0,1.2243435573871411e-05,0.0,9.535976839993477e-07,9.538532113556368e-07,0.9997321103989093,8.992727813467775e-07,1.7146635962942652e-07,5.244601817466049,5.187545921940131e-08,6.47237474805865e-08,0.8014903530572152
314120,21978870494.0,5.796476212677938e-08,9.522083345728118e-09,6.08740335724787,0.0,8.087749490513105e-06,0.0,9.535976839993477e-07,7.79805973633329e-07,1.2228653232242832,8.992727813467775e-07,1.2481098816653393e-07,7.205077009300557,5.187545921940131e-08,4.512713658426642e-08,1.1495402355638866
315000,21978870494.0,5.796476212677938e-08,1.3748794451206841e-08,4.215988705954604,0.0,3.5356131464075386e-06,0.0,9.535976839993477e-07,7.18553536384573e-07,1.3271073562554678,8.992727813467775e-07,4.952572148387861e-08,18.157691688338243,5.187545921940131e-08,2.6080347667516825e-08,1.989063178172751
33211A,20659769534.0,2.5363303261328627e-08,7.1729424683703974e-09,3.535969146995104,0.0,1.1984150999269001e-05,0.0,8.202898862017867e-07,1.899862640872438e-07,4.317627330284785,2.1119790290105954e-06,1.455696818122118e-07,14.508371542194455,3.416945183431203e-08,1.9614519486522228e-08,1.7420488866826926
531HSO,19750581660.0,1.549321459325568e-08,1.2950171956176264e-09,11.963713412984122,0.0,5.070348921192443e-07,0.0,1.2298371976149688e-07,6.410156590911955e-08,1.9185759039936392,2.560430921506339e-07,4.175827306791251e-08,6.131553662054576,9.074871975188182e-09,1.2610254751501134e-09,7.196422399085874
531HST,19750581660.0,1.549321459325568e-08,4.783255160120576e-10,32.390525018249555,0.0,2.2544564480211e-07,0.0,1.2298371976149688e-07,1.5797282820115788e-08,7.7851185651302695,2.560430921506339e-07,1.4725400734367918e-08,17.38785224045208,9.074871975188182e-09,3.5338107347342205e-10,25.680130194835428
531ORE,19750581660.0,1.549321459325568e-08,5.245950563594038e-09,2.953366488196787,0.0,6.8824419685098615e-06,0.0,1.2298371976149688e-07,2.2507791173239775e-07,0.546405103970025,2.560430921506339e-07,1.3983132290383837e-07,1.831085387976441,9.074871975188182e-09,2.129945057183371e-08,0.42606131761862204
335110,18194694018.0,5.1608452391177775e-08,8.531423254880882e-09,6.049219555676393,0.0,6.114066036227284e-06,0.0,2.7529454438995775e-06,2.3022665318857505e-07,11.957544470946564,1.1673183390162136e-06,2.2223564463200316e-07,5.252615263177783,3.9269635383433544e-08,1.6295463943327342e-08,2.409850711830371
335120,18194694018.0,5.1608452391177775e-08,7.399442268179949e-09,6.97464086085396,0.0,6.683033370421177e-06,0.0,2.7529454438995775e-06,2.3200568974862567e-07,11.865853147318708,1.1673183390162136e-06,9.391144222593855e-08,12.429990545857017,3.9269635383433544e-08,1.3511046706019098e-08,2.906483578799201
33712N,18194694018.0,5.1608452391177775e-08,8.892800926779153e-09,5.803396794340434,0.0,1.0020966745255298e-05,0.0,2.7529454438995775e-06,2.729045820725924e-06,1.0087575016117891,1.1673183390162136e-06,1.391765867102392e-07,8.387318345768385,3.9269635383433544e-08,2.2696400496724402e-08,1.7302142420821764
339920,18194694018.0,5.1608452391177775e-08,8.520056503477733e-09,6.057289921740793,0.0,6.737275004338408e-06,0.0,2.7529454438995775e-06,1.7586099257716084e-06,1.565409931762835,1.1673183390162136e-06,1.0342965952378573e-07,11.286108301920546,3.9269635383433544e-08,1.9077404034362177e-08,2.058437055309054
339930,18194694018.0,5.1608452391177775e-08,9.247532147335718e-09,5.580781074229253,0.0,6.702897712641927e-06,0.0,2.7529454438995775e-06,7.789273446870269e-07,3.5342775711715593,1.1673183390162136e-06,8.95463121324467e-08,13.035917518184885,3.9269635383433544e-08,1.973825464116903e-08,1.989519139221508
339940,18194694018.0,5.1608452391177775e-08,6.595785579086072e-09,7.824458780894568,0.0,8.056199833899088e-06,0.0,2.7529454438995775e-06,1.3595932536703343e-06,2.024830173633014,1.1673183390162136e-06,2.167319831597241e-07,5.385999435791346,3.9269635383433544e-08,1.7047840237617868e-08,2.303496210433796
339950,18194694018.0,5.1608452391177775e-08,9.459608691775793e-09,5.455664612855106,0.0,7.842573170195582e-06,0.0,2.7529454438995775e-06,7.618308029042848e-07,3.6135916707550786,1.1673183390162136e-06,1.1742039004328066e-07,9.941359746684073,3.9269635383433544e-08,1.809164822608788e-08,2.1705946795277242
339990,18194694018.0,5.1608452391177775e-08,7.618750695549299e-09,6.773873362377675,0.0,6.512299722276746e-06,0.0,2.7529454438995775e-06,1.2354213044330952e-06,2.2283454510790044,1.1673183390162136e-06,1.334318750259315e-07,8.748421910352034,3.9269635383433544e-08,1.78429479354892e-08,2.2008490707596122
334210,18190350746.0,4.13955734287082e-08,3.2821321206044693e-09,12.612403129306198,0.0,1.1376218637637367e-06,0.0,4.192882317938346e-07,4.105422156658697e-08,10.213035731630656,6.120277808523352e-07,2.7353795320099652e-08,22.374510509063263,1.9786644305313737e-08,4.269674717156239e-09,4.634227573779291
334220,18190350746.0,4.13955734287082e-08,2.9019576363605745e-09,14.26470631756828,0.0,1.2200727542250895e-06,0.0,4.192882317938346e-07,4.150955360144445e-08,10.101005561747217,6.120277808523352e-07,1.6556238749789958e-08,36.96659549924041,1.9786644305313737e-08,4.417247700734649e-09,4.479405649364636
334290,18190350746.0,4.13955734287082e-08,5.915627327869613e-09,6.9976641756464275,0.0,1.946313078483817e-06,0.0,4.192882317938346e-07,7.785315592532691e-08,5.385629224793355,6.120277808523352e-07,2.733714718038343e-08,22.38813643625234,1.9786644305313737e-08,7.1723279822153455e-09,2.758747836738241
334300,18190350746.0,4.13955734287082e-08,9.457226016229996e-09,4.377136948791039,0.0,2.0315698530812813e-06,0.0,4.192882317938346e-07,4.709794971408031e-07,0.8902473129705792,6.120277808523352e-07,2.699424764738468e-08,22.672525970977787,1.9786644305313737e-08,1.1510767719190675e-08,1.7189682554644532
334610,18190350746.0,4.13955734287082e-08,6.931993632175485e-09,5.971669280907421,0.0,2.2436261045573725e-06,0.0,4.192882317938346e-07,1.3443224951558395e-07,3.1189557067199782,6.120277808523352e-07,3.4293140959179275e-08,17.8469444248592,1.9786644305313737e-08,9.725077222583845e-09,2.034600225010516
335920,18190350746.0,4.13955734287082e-08,5.811146285386516e-09,7.123478122174799,0.0,7.87638454299159e-06,0.0,4.192882317938346e-07,2.6776456639030744e-07,1.5658839309703827,6.120277808523352e-07,1.807218030555168e-07,3.3865741183664673,1.9786644305313737e-08,1.728095800992197e-08,1.144996955258679
335930,18190350746.0,4.13955734287082e-08,6.0069242215530175e-09,6.891309412590838,0.0,7.10891371522375e-06,0.0,4.192882317938346e-07,1.8083510487950006e-07,2.3186218852430693,6.120277808523352e-07,1.0088146936465197e-07,6.066800817899116,1.9786644305313737e-08,1.3696681426537563e-08,1.4446305414519434
327320,17204517554.0,2.8306518823991896e-08,7.586047402780843e-09,3.7313922944398525,0.0,1.581290128263562e-05,0.0,7.200434398185044e-07,2.949618041274792e-07,2.441141292678389,7.5232565861695424e-06,7.220252704682953e-06,1.0419658277735993,8.012744302030661e-08,2.2095849399727894e-08,3.6263572207952035
327330,17204517554.0,2.8306518823991896e-08,8.244605985026005e-09,3.433337975811419,0.0,9.53622702979885e-06,0.0,7.200434398185044e-07,2.603491114440211e-07,2.765684260740503,7.5232565861695424e-06,3.4168894580060643e-06,2.20178518463391,8.012744302030661e-08,1.6208530414545374e-08,4.943535346572879
327390,17204517554.0,2.8306518823991896e-08,9.599439935228858e-09,2.9487677421794345,0.0,8.349536310772564e-06,0.0,7.200434398185044e-07,3.074008096206975e-07,2.34236025827963,7.5232565861695424e-06,1.495924314993288e-06,5.029169263956578,8.012744302030661e-08,1.6752292321868752e-08,4.783073353830315
327400,17204517554.0,2.8306518823991896e-08,5.3349199310847025e-09,5.305893844640435,0.0,3.289047114916142e-05,0.0,7.200434398185044e-07,7.808982655873407e-07,0.9220707376996602,7.5232565861695424e-06,6.469668199757785e-06,1.1628504513494529,8.012744302030661e-08,2.7193611814339243e-08,2.946553902709432
522A00,16341303438.0,1.3829986136507356e-08,5.75713469962873e-09,2.402234246386355,0.0,2.0778836199095364e-06,0.0,9.105760783682719e-08,5.9221626406792085e-08,1.5375735750881685,9.02620776608334e-08,1.9055355701185678e-08,4.736835096456218,4.354365015616451e-09,3.1312639423407834e-09,1.3906093819613736
525000,16341303438.0,1.3829986136507356e-08,5.3054283459401176e-09,2.6067614591554142,0.0,4.2714468809682706e-06,0.0,9.105760783682719e-08,1.1579464081490834e-07,0.7863715211343675,9.02620776608334e-08,5.058365222425936e-08,1.7844120321850685,4.354365015616451e-09,5.949190175917281e-09,0.7319256717062452
484000,15293444292.0,2.9489759885934792e-08,8.010898608921466e-09,3.6812049840567256,0.0,1.86335236000028e-05,0.0,1.8256188381713956e-07,3.729123483625564e-07,0.4895570892698021,2.081937815450474e-07,4.669775522518915e-08,4.458325256558498,1.010262940447109e-08,6.2903402385851115e-09,1.6060545250797877
485000,15293444292.0,2.9489759885934792e-08,1.0651883492643275e-08,2.7685019185857507,0.0,2.9397621398191417e-05,0.0,1.8256188381713956e-07,3.1861179535026964e-07,0.5729916044584539,2.081937815450474e-07,7.682415852372108e-08,2.7100040605165,1.010262940447109e-08,7.380860131315496e-09,1.3687604459008345
814000,14766229280.0,1.6707041135690668e-07,1.6822945604860292e-08,9.931103344270378,0.0,0.0,,9.169571827209227e-08,0.0,,6.264293899681341e-08,0.0,,1.8366909713865691e-09,0.0,
331420,14751632304.0,2.792911262357614e-08,6.2739137038520646e-09,4.451625244132414,0.0,9.382576808154435e-06,0.0,1.4756333096844792e-06,2.567204219189156e-07,5.748016845152092,6.846225415516566e-06,1.5764109990509456e-07,43.42919086227026,4.173734725160213e-08,1.989935107538553e-08,2.097422528678791
331520,14468412910.0,2.460532486973376e-08,8.205644224902539e-09,2.9985853877336495,0.0,1.0122873709354967e-05,0.0,9.504152311340139e-07,2.1296085896786411e-07,4.462863437630254,3.030878388167317e-06,2.605908743253532e-07,11.630792505739096,5.268490778785769e-08,2.3531407501702513e-08,2.2389186785382855
325211,13374971796.0,2.4149583634755652e-08,3.924417966266384e-09,6.153672682762459,0.0,2.5661184479629432e-05,0.0,1.1016097996114234e-06,8.509902822000082e-07,1.294503383474022,1.056899424956365e-06,3.256243727054549e-07,3.245762644162968,3.309322866253613e-08,3.6412623625248e-08,0.9088394454386349
48A000,12760622688.0,3.0092575369469303e-08,9.294504569715564e-09,3.237673954943272,0.0,8.366718422050893e-06,0.0,2.424646567529636e-07,2.983163189554852e-07,0.8127770468673026,3.855611219213255e-07,9.02013806301513e-08,4.2744481207247205,1.1548104164115537e-08,6.662933291314779e-09,1.733186219824329
561500,12760622688.0,3.0092575369469303e-08,8.171207969561437e-09,3.6827572473454526,0.0,2.1638515130634173e-06,0.0,2.424646567529636e-07,8.467400762672103e-08,2.863507510142318,3.855611219213255e-07,2.4938441305148857e-08,15.460514039492978,1.1548104164115537e-08,4.8192550756612025e-09,2.3962425691964717
111900,12106042344.0,2.4979261711394523e-07,5.413643340658575e-09,46.14131397203528,0.0,6.7598760869152895e-06,0.0,4.945051264393628e-06,1.971364782551446e-05,0.25084405018098566,4.951246517794271e-07,6.218258456092694e-07,0.7962432814195757,1.1194740291584086e-08,1.6033471992218608e-06,0.006982106119633437
111400,12066191704.0,2.499545899805472e-07,8.497223002830265e-09,29.41603273178685,0.0,6.908212521128825e-06,0.0,4.953178390178178e-06,5.529188402712605e-07,8.958237682311859,4.908756752171025e-07,2.7847141417303054e-07,1.7627506818782224,1.1144195558854173e-08,1.0096419376002532e-08,1.1037770068606725
325310,11816856548.0,3.5542447206155255e-08,4.12496304993943e-09,8.61642802028909,0.0,1.1200679939049118e-05,0.0,2.9048334352344888e-06,2.507116678676839e-07,11.586351205511303,6.7238693875358704e-06,4.24232296527658e-06,1.5849499065890909,1.3050958126939582e-07,1.6895964357036e-08,7.72430495895593
445000,11438365020.0,2.0370044109678184e-08,1.707270238187409e-08,1.1931353135579081,0.0,5.144460752693324e-06,0.0,1.9661900945350316e-07,2.1807347908321383e-07,0.9016181622822464,1.8936272764619293e-07,5.4657134854135e-08,3.4645564234486574,5.166472646804904e-09,2.026976309094712e-08,0.25488569469824507
452000,11438365020.0,2.0370044109678184e-08,1.6103264255555293e-08,1.264963661181362,0.0,3.493290276081832e-06,0.0,1.9661900945350316e-07,1.1386289314959943e-07,1.7268049670508032,1.8936272764619293e-07,3.099876352304988e-08,6.108718739874502,5.166472646804904e-09,1.3273980688107916e-08,0.3892180324952196
327200,10796355538.0,3.139948465079902e-08,6.958851169764019e-09,4.512164994594044,0.0,1.6154384355623966e-05,0.0,6.287306838041999e-07,2.9351285464188704e-07,2.1420890903443044,1.3712960774486121e-06,1.0904381524646235e-06,1.2575642867494958,3.43186178609895e-08,2.430983419927503e-08,1.4117174794229141
327910,9636903406.0,2.8224834113274497e-08,4.4701336669700264e-09,6.314091751177102,0.0,5.8545651855538774e-06,0.0,7.62278056603362e-07,3.612708014289256e-07,2.1099907703261436,1.0304554877884598e-05,3.2587977031515006e-07,31.620725852112038,3.674925285434565e-08,1.2110315811384571e-08,3.0345412478672684
327991,9636903406.0,2.8224834113274497e-08,1.1176425933037748e-08,2.525389984453017,0.0,7.287029752247397e-06,0.0,7.62278056603362e-07,3.6262128003115126e-07,2.10213271691578,1.0304554877884598e-05,6.6054645434063746e-06,1.5600045704840977,3.674925285434565e-08,2.0310993705948744e-08,1.809328159241289
327992,9636903406.0,2.8224834113274497e-08,4.755289567305726e-09,5.935460651509022,0.0,1.3637094340979248e-05,0.0,7.62278056603362e-07,2.0591272549392774e-07,3.7019472923534353,1.0304554877884598e-05,8.227808268662964e-06,1.2524058098353221,3.674925285434565e-08,1.879897734261694e-08,1.95485382978976
327993,9636903406.0,2.8224834113274497e-08,6.229176564628823e-09,4.531069848548485,0.0,1.4597418451155915e-05,0.0,7.62278056603362e-07,4.2726337670955854e-07,1.7840940697370766,1.0304554877884598e-05,9.039305461829144e-07,11.399719725589874,3.674925285434565e-08,2.7075756103437995e-08,1.357275221196107
327999,9636903406.0,2.8224834113274497e-08,6.111092180371185e-09,4.618623525911228,0.0,1.1027421479014389e-05,0.0,7.62278056603362e-07,3.516348582052614e-07,2.167811406679124,1.0304554877884598e-05,3.7918789243527188e-06,2.717532675346064,3.674925285434565e-08,1.4530997745952671e-08,2.529024743987827
481000,9631351182.0,1.8377483766846202e-08,5.2508235675834024e-09,3.4999240653031713,0.0,2.0561137675139083e-05,0.0,3.188545347343768e-07,1.5139491908283597e-07,2.1061112002042486,5.505977198620646e-07,4.38059626705059e-08,12.569013127356206,2.236653984776276e-08,4.571505626557186e-09,4.8925981229967475
233210,8839263742.0,4.106676874853227e-08,7.831604909333403e-09,5.243723250082558,0.0,4.7549297443380274e-06,0.0,3.976575541352367e-07,6.219699010149351e-07,0.6393517652322663,8.187333483006281e-07,6.468736248803733e-07,1.265677431897207,1.0939033252346636e-08,1.1819637752239304e-08,0.9254964899642688
233262,8839263742.0,4.106676874853227e-08,7.432490534865979e-09,5.525303874372546,0.0,5.233539578495729e-06,0.0,3.976575541352367e-07,7.778080296818482e-07,0.511254112789107,8.187333483006281e-07,6.297351212007363e-07,1.3001233705046065,1.0939033252346636e-08,1.1417908245839376e-08,0.9580593062072259
230301,8839263742.0,4.106676874853227e-08,9.52463229088282e-09,4.311638233828959,0.0,8.992642062460485e-06,0.0,3.976575541352367e-07,7.30644841003929e-07,0.544255610686093,8.187333483006281e-07,1.561087258103325e-06,0.5244635391460212,1.0939033252346636e-08,1.4478768209114113e-08,0.755522368640498
230302,8839263742.0,4.106676874853227e-08,1.2160007926951035e-08,3.377199175792744,0.0,6.6799979686792855e-06,0.0,3.976575541352367e-07,1.087490794831713e-06,0.365665213926499,8.187333483006281e-07,8.383670757729407e-07,0.9765809893545604,1.0939033252346636e-08,1.9268316777322307e-08,0.5677212690016206
2332A0,8839263742.0,4.106676874853227e-08,8.57218954392346e-09,4.790697701924141,0.0,5.357916768985198e-06,0.0,3.976575541352367e-07,6.453844637687949e-07,0.6161560689159928,8.187333483006281e-07,6.708932498954695e-07,1.2203630733029334,1.0939033252346636e-08,1.2601685393154192e-08,0.8680611292112733
233412,8839263742.0,4.106676874853227e-08,6.386736091914306e-09,6.4300087176802805,0.0,2.2733227542071644e-06,0.0,3.976575541352367e-07,2.5896766653710396e-07,1.535549049241102,8.187333483006281e-07,3.9680059300056157e-07,2.0633370079148783,1.0939033252346636e-08,7.500844665749029e-09,1.4583735218911205
2334A0,8839263742.0,4.106676874853227e-08,7.712774923240588e-09,5.32451279302699,0.0,6.849784126376612e-06,0.0,3.976575541352367e-07,6.95587991189391e-07,0.5716854792954076,8.187333483006281e-07,8.415094403349396e-07,0.9729342406126233,1.0939033252346636e-08,1.3028759587172015e-08,0.8396066547361192
233230,8839263742.0,4.106676874853227e-08,7.380347577625129e-09,5.564340746367241,0.0,7.291932224729393e-06,0.0,3.976575541352367e-07,7.095579678401248e-07,0.5604299749401667,8.187333483006281e-07,8.123563050697091e-07,1.007850056916062,1.0939033252346636e-08,1.3911787995145589e-08,0.7863139702936623
2332D0,8839263742.0,4.106676874853227e-08,8.848592820724365e-09,4.641050795370473,0.0,8.009156436592695e-06,0.0,3.976575541352367e-07,1.9210614236906415e-06,0.20699887532553646,8.187333483006281e-07,5.959656707532568e-07,1.3737928012964393,1.0939033252346636e-08,1.3962334954047727e-08,0.7834673275171196
233240,8839263742.0,4.106676874853227e-08,9.804117879032125e-09,4.1887265387089,0.0,2.7890956537539062e-05,0.0,3.976575541352367e-07,3.729750242184118e-07,1.0661774336459886,8.187333483006281e-07,2.416027308158264e-06,0.3388758668149111,1.0939033252346636e-08,1.9177136120960005e-08,0.570420587482331
233411,8839263742.0,4.106676874853227e-08,8.379495508980686e-09,4.900864103873455,0.0,4.187224034496627e-06,0.0,3.976575541352367e-07,6.000094924013689e-07,0.6627521050437459,8.187333483006281e-07,7.511831401397301e-07,1.089925085576778,1.0939033252346636e-08,1.1678028770687991e-08,0.9367191558736143
2332C0,8839263742.0,4.106676874853227e-08,6.861386352651058e-09,5.9851998762123575,0.0,8.900554314260176e-06,0.0,3.976575541352367e-07,5.536402956378791e-07,0.7182597749267398,8.187333483006281e-07,1.5849155391541827e-06,0.5165785356218787,1.0939033252346636e-08,1.1381065154221264e-08,0.9611607616787364
111200,8029792020.0,1.2627973395505204e-07,1.0194523296227327e-08,12.387017056676324,0.0,5.438396552920933e-06,0.0,3.4236254104125603e-06,1.982394438745501e-06,1.727015241517273,1.1563188656535092e-06,4.351351161885142e-07,2.657378875283776,1.4761528032702392e-08,5.663746577997365e-07,0.02606318596606753
111300,8029792020.0,1.2627973395505204e-07,9.606828479462503e-09,13.144789065924629,0.0,3.628962492102487e-06,0.0,3.4236254104125603e-06,1.4874409136664015e-06,2.301688342008589,1.1563188656535092e-06,2.501930761690595e-07,4.62170609738283,1.4761528032702392e-08,6.81563185892262e-07,0.021658341204825314
332114,7671404916.0,2.1638800430645915e-08,5.525900818510635e-09,3.9158865027327976,0.0,1.685681364543093e-05,0.0,9.165205170353701e-07,2.2520145521320446e-07,4.069780615616692,2.8922994214166963e-06,2.0476369263665586e-07,14.125059888175361,6.05130357585207e-08,1.8481142059827923e-08,3.2743125702202485
327310,7567614148.0,2.8410539411132777e-08,5.226586322875474e-09,5.43577349651471,0.0,3.718636785105825e-05,0.0,6.662601847020068e-07,2.034501233372848e-07,3.2748084580782666,3.98143977887177e-06,2.678681160021731e-06,1.486343293966151,1.3536697035098345e-07,4.097792646423784e-08,3.303411910534824
31161A,7438983894.0,7.608566009351276e-08,6.482472659560044e-09,11.737135517464194,0.0,6.826692964040389e-06,0.0,3.128679982594408e-05,2.4259637924065497e-05,1.2896647478364736,7.03993996306937e-07,2.0929955811147696e-07,3.363571345582948,2.6925989201503148e-08,2.1775719453369328e-07,0.12365143323582324
492000,7414211572.0,1.591538073254217e-08,1.1673576851368578e-08,1.363367966406654,0.0,1.3198639786912867e-05,0.0,8.942285953962253e-08,2.22891007701926e-07,0.40119545629767384,1.3379709903967656e-07,5.2823914860466734e-08,2.532888737858578,5.274599951758712e-09,6.137142570485166e-09,0.859455339546028
5111A0,7414211572.0,1.591538073254217e-08,5.586197869597257e-09,2.849054241197082,0.0,2.9742251763648265e-06,0.0,8.942285953962253e-08,1.9536754423984455e-07,0.4577160443284368,1.3379709903967656e-07,3.6192116936113193e-08,3.6968575028605533,5.274599951758712e-09,8.199576945029102e-09,0.6432770845520728
515100,7414211572.0,1.591538073254217e-08,3.6939349766755067e-09,4.308516753282378,0.0,1.273649619692526e-06,0.0,8.942285953962253e-08,5.6538094359016625e-08,1.5816390798704287,1.3379709903967656e-07,2.4796722024947603e-08,5.395757507990989,5.274599951758712e-09,3.136026980110607e-09,1.6819370449334201
515200,7414211572.0,1.591538073254217e-08,3.085006633300864e-09,5.158945384669463,0.0,1.5643793459255395e-06,0.0,8.942285953962253e-08,6.773607645106432e-08,1.3201659178506708,1.3379709903967656e-07,3.322965373511058e-08,4.026436751530337,5.274599951758712e-09,3.632277860691836e-09,1.4521466016793287
517110,7414211572.0,1.591538073254217e-08,4.3755109561380054e-09,3.6373765011868917,0.0,1.6466095640431246e-06,0.0,8.942285953962253e-08,6.575080293794024e-08,1.3600268824705528,1.3379709903967656e-07,3.545616197312492e-08,3.7735922782926186,5.274599951758712e-09,4.8839402434621e-09,1.0799886339353904
517210,7414211572.0,1.591538073254217e-08,4.0998664661768014e-09,3.8819266100106784,0.0,2.3249345688159612e-06,0.0,8.942285953962253e-08,1.4472391819592313e-07,0.6178858384594342,1.3379709903967656e-07,7.88222774355456e-08,1.6974528444586605,5.274599951758712e-09,5.869051811588777e-09,0.8987141570881542
517A00,7414211572.0,1.591538073254217e-08,5.071591767570427e-09,3.1381431041652075,0.0,2.292250938410163e-06,0.0,8.942285953962253e-08,7.46800655830278e-08,1.1974127076817305,1.3379709903967656e-07,3.566293425592661e-08,3.7517131394605205,5.274599951758712e-09,6.234351041194484e-09,0.8460543714824428
519130,7414211572.0,1.591538073254217e-08,5.105836678356954e-09,3.117095538916396,0.0,2.6308642351820473e-06,0.0,8.942285953962253e-08,1.5204874805305407e-07,0.5881196700706828,1.3379709903967656e-07,3.328066640335429e-08,4.020265021682121,5.274599951758712e-09,6.137886687853121e-09,0.8593511447836184
491000,7414211572.0,1.591538073254217e-08,1.4395558350503228e-08,1.1055757856023565,0.0,4.810585189423677e-06,0.0,8.942285953962253e-08,9.370910929722687e-08,0.95426005230709,1.3379709903967656e-07,4.533247800672914e-08,2.9514622831740143,5.274599951758712e-09,4.832946459006604e-09,1.0913838993455118
333314,7373666904.0,4.63812651768247e-08,7.028442086309892e-09,6.599081931281307,0.0,3.4595755655952622e-06,0.0,7.076533382826646e-07,1.0356815398990719e-07,6.832731018374877,9.66547593319385e-07,6.199981931522009e-08,15.589522743691465,2.7627909241396275e-08,1.1305845543785981e-08,2.443683591324257
334511,7373666904.0,4.63812651768247e-08,3.872470929833523e-09,11.977175818029606,0.0,9.770403028785028e-07,0.0,7.076533382826646e-07,3.3528698327135114e-08,21.105899530550925,9.66547593319385e-07,1.424039623599081e-08,67.87364461647194,2.7627909241396275e-08,5.326244361931859e-09,5.18712762014086
334512,7373666904.0,4.63812651768247e-08,8.835281655384318e-09,5.249551399253859,0.0,2.6779939803196344e-06,0.0,7.076533382826646e-07,9.120755684561611e-08,7.758713891223783,9.66547593319385e-07,3.5829409455549034e-08,26.9763752181992,2.7627909241396275e-08,1.2015532442987524e-08,2.2993495604533454
334513,7373666904.0,4.63812651768247e-08,7.784287332752178e-09,5.9583187508606965,0.0,2.2642843375735378e-06,0.0,7.076533382826646e-07,7.916927780390012e-08,8.938484193774007,9.66547593319385e-07,3.3801915092919994e-08,28.59446249309803,2.7627909241396275e-08,1.0034326988586645e-08,2.7533395386477952
334514,7373666904.0,4.63812651768247e-08,3.2828451667095556e-09,14.128374267286363,0.0,1.092439658780542e-06,0.0,7.076533382826646e-07,3.7413346524115966e-08,18.914462458644913,9.66547593319385e-07,1.620891055563373e-08,59.63063279311157,2.7627909241396275e-08,4.566810989136114e-09,6.049715941193909
334515,7373666904.0,4.63812651768247e-08,6.138602987748632e-09,7.555671098031915,0.0,1.7760772260099622e-06,0.0,7.076533382826646e-07,5.495813969829831e-08,12.876224380363732,9.66547593319385e-07,2.010930013658396e-08,48.0647057209608,2.7627909241396275e-08,8.358609049741628e-09,3.305323777794139
334516,7373666904.0,4.63812651768247e-08,3.850503721561897e-09,12.045505869037534,0.0,1.5932846789216718e-06,0.0,7.076533382826646e-07,6.240214949523726e-08,11.340207733335774,9.66547593319385e-07,2.5645753283616096e-08,37.68840722400883,2.7627909241396275e-08,5.492678133269263e-09,5.029952342201424
334517,7373666904.0,4.63812651768247e-08,3.283191598255505e-09,14.12688348784426,0.0,2.170126925698399e-06,0.0,7.076533382826646e-07,6.484963409704327e-08,10.912217904324754,9.66547593319385e-07,3.5558390812480096e-08,27.181983527222812,2.7627909241396275e-08,5.634590035290116e-09,4.903268750407634
33451A,7373666904.0,4.63812651768247e-08,4.720501905108187e-09,9.825494430292304,0.0,1.3210163651385156e-06,0.0,7.076533382826646e-07,4.484368369966147e-08,15.780446205582498,9.66547593319385e-07,1.9490856851890426e-08,49.58979487993311,2.7627909241396275e-08,6.22244060944868e-09,4.440043863085446
335991,7373666904.0,4.63812651768247e-08,4.854518678826493e-09,9.554245898593734,0.0,1.8855913805045706e-05,0.0,7.076533382826646e-07,2.9043769491810706e-07,2.436506523308544,9.66547593319385e-07,4.952532590083176e-07,1.9516228833198899,2.7627909241396275e-08,1.677581290538827e-08,1.6468894471589148
339112,7373666904.0,4.63812651768247e-08,5.1640923930141376e-09,8.981494064584936,0.0,4.05067852854513e-06,0.0,7.076533382826646e-07,2.0155438658376434e-07,3.5109795935330324,9.66547593319385e-07,5.884835099188956e-08,16.424378542953463,2.7627909241396275e-08,1.1518257943992513e-08,2.3986187299969215
339113,7373666904.0,4.63812651768247e-08,5.642875684598244e-09,8.219437706809398,0.0,4.122639931128971e-06,0.0,7.076533382826646e-07,2.8746388935806193e-07,2.461712112303675,9.66547593319385e-07,8.536463583749881e-08,11.322576191378793,2.7627909241396275e-08,1.1610042877278065e-08,2.3796560902859945
339114,7373666904.0,4.63812651768247e-08,6.264997206240316e-09,7.403237966431358,0.0,4.474591291049082e-06,0.0,7.076533382826646e-07,1.9410287470991284e-07,3.645764336773755,9.66547593319385e-07,9.723420622066374e-08,9.94040709424724,2.7627909241396275e-08,1.2400356872653233e-08,2.2279930751287234
339115,7373666904.0,4.63812651768247e-08,5.572920336196364e-09,8.322614065658957,0.0,2.987432337417555e-06,0.0,7.076533382826646e-07,1.304145497342358e-07,5.426183962792113,9.66547593319385e-07,4.176378325915431e-08,23.14320011005049,2.7627909241396275e-08,1.038927714182118e-08,2.6592715608848665
339116,7373666904.0,4.63812651768247e-08,1.1454956414707195e-08,4.049012802639308,0.0,2.6906066250443925e-06,0.0,7.076533382826646e-07,8.154546257311287e-08,8.678022246157344,9.66547593319385e-07,4.6183159009571815e-08,20.928572536994718,2.7627909241396275e-08,1.4104747721477429e-08,1.9587666356716897
339910,7373666904.0,4.63812651768247e-08,8.544148188621533e-09,5.428424712786683,0.0,4.318683882392749e-06,0.0,7.076533382826646e-07,1.4439811584825788e-07,4.9007103321646435,9.66547593319385e-07,8.245742944658031e-08,11.721776919392795,2.7627909241396275e-08,1.1787168434578777e-08,2.3438970431903883
311700,7357099784.0,1.260007376841635e-07,6.46947850262354e-09,19.476181524224398,0.0,7.599318843165412e-06,0.0,9.134034058657807e-07,1.95173506600764e-06,0.4679955910892084,1.084258775087996e-06,6.479617264903206e-08,16.73337684558739,1.4112952528631889e-07,5.476224098319886e-08,2.5771320302545258
331490,6797007994.0,2.7953476024703936e-08,5.264783317250101e-09,5.3095207039412555,0.0,9.813461160812917e-06,0.0,9.886703099263709e-07,3.1886097696177444e-07,3.1006312511075764,3.187284761048348e-06,1.773009287176586e-07,17.976695238432242,4.384973509860487e-08,1.7494041161094183e-08,2.506552642400565
221200,6456184276.0,6.350500271872971e-09,3.5533794173859263e-09,1.7871720201905066,0.0,2.7513696878753928e-05,0.0,1.68210812079367e-07,1.341860413026917e-07,1.2535641594785818,4.5150508030511486e-07,7.257877232027523e-08,6.220897183445259,1.0644987358164437e-08,3.7435542794087285e-08,0.28435509581674207
112A00,6408822462.0,1.1936670184514154e-07,3.851244708016763e-09,30.99431765441117,0.0,3.004047788049773e-06,0.0,3.7345394012570166e-06,2.0379422851186384e-05,0.1832504987274265,7.538046230246782e-07,1.774630151806365e-07,4.2476716754609045,8.045315704362552e-09,5.287816695247605e-07,0.015214815807804444
213111,6093700168.0,4.759013276086084e-09,4.275234901027062e-09,1.1131583143987718,0.0,5.7863648615746526e-05,0.0,1.678782959115884e-07,2.855025424663736e-07,0.5880098105653859,4.5932683309534306e-07,1.4342238623960156e-07,3.2026160290485706,1.0717626105558002e-08,1.1418365439622917e-08,0.9386305038343513
52A000,5799443490.0,4.65561912044771e-09,6.044301746771361e-09,0.7702492885856612,0.0,2.215210099381824e-06,0.0,9.466425544910345e-08,5.91414271687187e-08,1.6006420538186406,8.069739808776032e-08,2.3671796565024262e-08,3.409010290625468,3.5258555472190733e-09,3.0466969609918896e-09,1.1572714951181715
523900,5799443490.0,4.65561912044771e-09,5.111707248742278e-09,0.9107757729265917,0.0,2.5912553156238384e-06,0.0,9.466425544910345e-08,7.586340473400166e-08,1.2478250321221784,8.069739808776032e-08,2.510279302056385e-08,3.214678064773675,3.5258555472190733e-09,4.0810878788734616e-09,0.8639499201846018
523A00,5799443490.0,4.65561912044771e-09,4.732862742022857e-09,0.9836793024041655,0.0,1.8939498805293605e-06,0.0,9.466425544910345e-08,5.4958908975595945e-08,1.7224551435534927,8.069739808776032e-08,2.1331141664876996e-08,3.7830791879570804,3.5258555472190733e-09,3.307340427856299e-09,1.0660697391542509
811200,5542272534.0,1.894529714225706e-08,6.798944137097974e-09,2.7865057809319747,0.0,1.999699469626235e-06,0.0,1.517428085394113e-07,6.833524865661087e-08,2.2205642259667324,1.831378723751516e-07,2.7380071724499484e-08,6.688728730074187,6.595128582321724e-09,5.19998678019004e-09,1.268297182494125
811300,5542272534.0,1.894529714225706e-08,7.931870765140185e-09,2.3885030030393124,0.0,2.7905547936959013e-06,0.0,1.517428085394113e-07,1.564581349544333e-07,0.9698620566045014,1.831378723751516e-07,4.042939427459069e-08,4.5298198417543745,6.595128582321724e-09,6.303694434390528e-09,1.046232277113758
811400,5542272534.0,1.894529714225706e-08,6.927575528171155e-09,2.7347658737484055,0.0,2.1376515799542615e-06,0.0,1.517428085394113e-07,9.984881006135266e-08,1.5197257578349916,1.831378723751516e-07,2.7539959148348173e-08,6.649896297545382,6.595128582321724e-09,7.042701363153762e-09,0.93644870657534
311225,5015538864.0,6.878622803150908e-08,4.774179619844566e-09,14.407968176477734,0.0,8.411866051419815e-06,0.0,5.567497482759013e-06,5.2508652507703374e-06,1.0603009631493063,1.9505381705282703e-06,2.9439394329859435e-07,6.625605638054523,6.060864211060376e-08,8.696608967964172e-08,0.6969227009500912
311224,5015538864.0,6.878622803150908e-08,3.818033231665566e-09,18.01614178237574,0.0,8.114950167604951e-06,0.0,5.567497482759013e-06,6.536660526063694e-06,0.8517342243121963,1.9505381705282703e-06,2.946011568111984e-07,6.620945388134763,6.060864211060376e-08,7.799274488986555e-08,0.7771061551454551
114000,4838102770.0,1.488186659581851e-07,2.883113074163504e-09,51.61735323244747,0.0,6.266290172938777e-06,0.0,3.102455800044942e-07,2.046882963022711e-07,1.5156977004017007,7.947330147350301e-07,4.529151627144529e-08,17.547061351886807,6.153858529962563e-09,4.710557733970117e-09,1.306397008062146
323110,4547898320.0,3.0783449881526815e-08,9.32202286939702e-09,3.3022285305247263,0.0,9.157546765841482e-06,0.0,1.5530250465230278e-06,6.697984972589855e-07,2.3186451639985277,7.810200998513089e-07,1.2334342312592867e-07,6.332077382463423,1.731569055835888e-08,2.2591758078848838e-08,0.7664605161725068
323120,4547898320.0,3.0783449881526815e-08,9.7658305087325e-09,3.15215893353879,0.0,5.636617678304088e-06,0.0,1.5530250465230278e-06,1.3849481746709754e-06,1.1213596832906638,7.810200998513089e-07,7.933813055214703e-08,9.844195904489624,1.731569055835888e-08,1.936938215813261e-08,0.8939722711335194
611100,4450510520.0,6.246474393234329e-08,1.5924535962488405e-07,0.3922547198831055,0.0,2.5573916332290257e-06,0.0,1.8604607185604404e-07,2.735348568727845e-07,0.680154895003273,1.5009514009642202e-07,3.002354313932083e-08,4.999248070086953,1.3080521827414989e-08,6.1297807392520714e-09,2.1339298066003933
611A00,4450510520.0,6.246474393234329e-08,1.294340680997054e-08,4.825989389766037,0.0,4.0239054860944996e-06,0.0,1.8604607185604404e-07,2.5917944790417826e-07,0.7178272558278908,1.5009514009642202e-07,3.97726026008848e-08,3.7738324947606756,1.3080521827414989e-08,1.1162741149441686e-08,1.1718019483117033
611B00,4450510520.0,6.246474393234329e-08,1.3487514385558534e-08,4.631301375976738,0.0,3.1925849644831427e-06,0.0,1.8604607185604404e-07,1.473034558989592e-07,1.263012267571372,1.5009514009642202e-07,4.13100257505571e-08,3.6333828742384133,1.3080521827414989e-08,5.814392637484378e-09,2.2496798277926984
482000,4157384436.0,2.8623766176046752e-08,2.9296850714887735e-09,9.77025362029819,0.0,1.2572167289904156e-05,0.0,2.2009030295027543e-07,7.645249123458949e-07,0.28787852350676535,1.0684602466722661e-06,1.856786447685749e-07,5.754351815761945,1.803417537016056e-08,4.63899340162571e-09,3.8875190820147707
511110,3813952516.0,3.801830237573938e-08,9.005793235879518e-09,4.221538445305697,0.0,3.0148023853632103e-06,0.0,2.000549290530286e-07,2.4686871120932775e-07,0.8103697227284333,2.892012932444175e-07,3.756388839316098e-08,7.69891791332951,1.374112545453621e-08,1.2460013215133122e-08,1.102817887692698
511120,3813952516.0,3.801830237573938e-08,6.200298654103107e-09,6.131688890595682,0.0,2.648770831200115e-06,0.0,2.000549290530286e-07,1.6902456518953355e-07,1.1835849352944618,2.892012932444175e-07,3.471912923568649e-08,8.329739242053293,1.374112545453621e-08,8.469020421833658e-09,1.6225165095966398
511130,3813952516.0,3.801830237573938e-08,5.40276384374252e-09,7.036824757715845,0.0,3.0471434854174404e-06,0.0,2.000549290530286e-07,2.3828308323005717e-07,0.8395683249569165,2.892012932444175e-07,3.6586935420390225e-08,7.904496234009341,1.374112545453621e-08,7.730836444597756e-09,1.7774435603457106
512100,3813952516.0,3.801830237573938e-08,5.452603347982093e-09,6.972504682521835,0.0,1.3278477398018781e-06,0.0,2.000549290530286e-07,5.9130081273893546e-08,3.383302115320356,2.892012932444175e-07,1.5422172699776543e-08,18.75230545489922,1.374112545453621e-08,3.3877694646407403e-09,4.056098148931572
512200,3813952516.0,3.801830237573938e-08,2.044620815606667e-09,18.59430466790921,0.0,6.352844600283009e-07,0.0,2.000549290530286e-07,3.654581522651694e-08,5.474085823863976,2.892012932444175e-07,7.490973787327911e-09,38.60663532605657,1.374112545453621e-08,1.864576587211784e-09,7.369568806548279
5191A0,3813952516.0,3.801830237573938e-08,7.886676164808237e-09,4.820573532026567,0.0,3.4909460364896516e-06,0.0,2.000549290530286e-07,1.282191830834853e-07,1.5602573986356632,2.892012932444175e-07,3.575086238404322e-08,8.089351527740979,1.374112545453621e-08,5.952113082593361e-09,2.3086129688499035
711200,3813952516.0,3.801830237573938e-08,6.120529593446069e-09,6.211603390734325,0.0,1.6823876084449277e-06,0.0,2.000549290530286e-07,9.853354965387642e-08,2.030322968732693,2.892012932444175e-07,1.885670103444653e-08,15.336791558402409,1.374112545453621e-08,5.505697235637322e-09,2.495801143149053
712000,3813952516.0,3.801830237573938e-08,1.7827371495166267e-08,2.13258036306966,0.0,4.108329377025983e-06,0.0,2.000549290530286e-07,6.496625965105776e-05,0.003079366583939874,2.892012932444175e-07,5.668677544832386e-08,5.101741825270267,1.374112545453621e-08,9.624017822098603e-09,1.4277950964496278
713100,3813952516.0,3.801830237573938e-08,1.4429814173426956e-08,2.6347049184979463,0.0,2.95897515449801e-06,0.0,2.000549290530286e-07,4.6276541025309274e-07,0.43230311648317843,2.892012932444175e-07,4.977928134838505e-08,5.809671923955966,1.374112545453621e-08,1.4186593260404448e-08,0.9685993812826393
713200,3813952516.0,3.801830237573938e-08,8.57360629651267e-09,4.434341986429141,0.0,4.950252304443007e-06,0.0,2.000549290530286e-07,2.386388673151992e-07,0.8383166216959616,2.892012932444175e-07,1.3526529396825026e-07,2.13803027192104,1.374112545453621e-08,9.54519227089818e-09,1.4395860308053494
713900,3813952516.0,3.801830237573938e-08,1.945851649932364e-08,1.9538129937634692,0.0,5.294254462698094e-06,0.0,2.000549290530286e-07,7.420489340473002e-07,0.26959802766899005,2.892012932444175e-07,8.448040629513034e-08,3.4232942989656023,1.374112545453621e-08,4.4635939060815464e-08,0.30784891600049535
221100,3594482952.0,5.564082586306839e-09,3.205766827515635e-09,1.7356479387550536,0.0,6.763274602850027e-05,0.0,3.914332099466861e-07,1.5780684863564596e-07,2.4804576818490993,1.3609746006106527e-06,1.3635992122340472e-07,9.980752323704452,6.993926619129516e-07,3.0095054685068993e-07,2.3239454761979217
112120,3235760028.0,1.097114733256109e-07,7.539986497581373e-09,14.550619336096084,0.0,8.317938158896531e-06,0.0,6.86818546730623e-05,6.708004471187937e-06,10.238790830874217,6.706306961030301e-07,4.610566071143153e-07,1.4545517529841028,1.085772730239067e-08,9.88678615191052e-08,0.10982059423114483
1121A0,3212207852.0,1.1020457464469208e-07,4.502759388001512e-09,24.47489753468814,0.0,7.29632833460409e-06,0.0,6.917236064336723e-05,4.549135366211959e-05,1.520560613718705,6.715007556740136e-07,3.351185523797905e-07,2.0037707578570596,1.0842075483476526e-08,2.456732848818706e-07,0.04413208985539401
811100,2782906758.0,1.1858104805392837e-08,9.404991288321619e-09,1.2608310249173014,0.0,2.9639245048335084e-06,0.0,1.4229725766471403e-07,1.1520126203034645e-07,1.2352057187292784,1.9152635943255704e-07,3.992661053569286e-08,4.796960144196057,1.1016898037228436e-08,7.344772912652256e-09,1.4999644193560433
532100,2638448188.0,4.5481279695305505e-09,6.067540295985974e-09,0.7495834799052589,0.0,3.7077865861032827e-06,0.0,7.239103684836125e-08,1.2111039746334355e-07,0.5977276795765766,1.1067111392524339e-07,2.9241731922577217e-08,3.7846976443893685,2.445755815615047e-09,4.85182903780275e-09,0.5040894467960597
532400,2638448188.0,4.5481279695305505e-09,6.071119342792584e-09,0.7491415853865442,0.0,3.3624411208319556e-06,0.0,7.239103684836125e-08,1.7001574331919169e-07,0.42579019704341475,1.1067111392524339e-07,5.43353579579542e-08,2.03681576940899,2.445755815615047e-09,4.935166228924478e-09,0.49557719075007756
532A00,2638448188.0,4.5481279695305505e-09,9.565722168135986e-09,0.4754610148181647,0.0,3.33062247968542e-06,0.0,7.239103684836125e-08,1.6668340179567483e-07,0.43430261242868207,1.1067111392524339e-07,3.734776377016342e-08,2.9632594499180405,2.445755815615047e-09,7.508512626868914e-09,0.32573106514637895
311513,2631440744.0,2.8881516778703492e-08,7.665262578308995e-09,3.7678444128491857,0.0,8.528269133212852e-06,0.0,5.9644132347598855e-06,3.6297953466590944e-06,1.6431816852290586,3.363176624888499e-07,2.6559980646018065e-07,1.2662571820784494,1.9106643428942834e-08,6.369862677495101e-08,0.2999537728881837
311514,2631440744.0,2.8881516778703492e-08,6.5048736159851284e-09,4.439981233106486,0.0,9.172252594636542e-06,0.0,5.9644132347598855e-06,2.994872957161515e-06,1.9915413174697219,3.363176624888499e-07,2.3139036104920054e-07,1.4534644440843354,1.9106643428942834e-08,5.464725741534924e-08,0.34963590731959016
31151A,2631440744.0,2.8881516778703492e-08,7.307835049456438e-09,3.952130361898593,0.0,8.540654123096281e-06,0.0,5.9644132347598855e-06,3.2485777950374775e-06,1.836007511924484,3.363176624888499e-07,2.481386977588573e-07,1.3553616002921298,1.9106643428942834e-08,5.842909444673956e-08,0.3270056400815744
316000,2628631050.0,5.516179229489053e-08,7.965418340461023e-09,6.925159475264657,0.0,4.170133116903e-06,0.0,1.1625823258840375e-06,3.896967714444445e-06,0.29832998656232806,1.2961119058530484e-06,8.48295306445839e-08,15.279017766624897,4.124276018119773e-08,4.5531934069987314e-08,0.9057985570699307
327100,2377963808.0,2.4811142962525693e-08,7.454142003241063e-09,3.3285041996433393,0.0,1.214446027394623e-05,0.0,9.520750452060707e-07,4.774138848477362e-07,1.9942340921016997,8.145624392951232e-06,2.3576783784487424e-06,3.4549345099015265,3.7903856945496484e-08,1.9317122123785037e-08,1.9621896420495126
562213,2376586946.0,5.4700292038042695e-09,4.246889003400491e-09,1.288008516216084,0.0,4.249839838085125e-06,0.0,3.075839498446862e-07,1.379724332179274e-07,2.2293145280612503,2.705560598497035e-07,5.5506991249412665e-08,4.874269956986118,9.466095922921882e-09,5.169242581793944e-09,1.8312346099332697
311920,2083841458.0,1.3436722785462502e-08,7.878555554700292e-09,1.7054804896877633,0.0,6.141731163644871e-06,0.0,7.198244349354911e-07,1.939352134455957e-06,0.37116747502764486,2.9800731606329333e-07,1.7309093205029665e-07,1.7216806942647842,7.942062932121582e-09,3.35653451128403e-07,0.023661496419661046
311930,2083841458.0,1.3436722785462502e-08,4.952206807256405e-09,2.713279818155786,0.0,8.215919303934328e-06,0.0,7.198244349354911e-07,3.102039207148838e-06,0.23204878690011782,2.9800731606329333e-07,1.8966935813744775e-07,1.5711937815877264,7.942062932121582e-09,6.699373584527393e-08,0.11854933647026723
312110,2083841458.0,1.3436722785462502e-08,7.5116145283256e-09,1.788792906610672,0.0,9.951401903044872e-06,0.0,7.198244349354911e-07,1.1991321603828035e-06,0.6002878237422128,2.9800731606329333e-07,1.5297569635952548e-07,1.9480696813624083,7.942062932121582e-09,3.937617811320206e-08,0.20169715073131395
312120,2083841458.0,1.3436722785462502e-08,5.9962352382841746e-09,2.240859848138217,0.0,8.452765654463058e-06,0.0,7.198244349354911e-07,1.473320578264766e-06,0.488572850712015,2.9800731606329333e-07,3.032324301332229e-07,0.9827686172365074,7.942062932121582e-09,6.171852868386067e-08,0.12868198742719578
312130,2083841458.0,1.3436722785462502e-08,8.295801120718876e-09,1.619701652671507,0.0,4.662250729468688e-06,0.0,7.198244349354911e-07,4.5310141765011934e-07,1.5886607432584394,2.9800731606329333e-07,1.2546239418500964e-07,2.375272032700453,7.942062932121582e-09,1.10796023815058e-07,0.0716818407254268
312140,2083841458.0,1.3436722785462502e-08,3.934979100613139e-09,3.414687204658552,0.0,9.884109733523006e-06,0.0,7.198244349354911e-07,9.441498693278275e-07,0.7624048451629387,2.9800731606329333e-07,2.1980605093968853e-07,1.355773941569343,7.942062932121582e-09,3.83875978643177e-08,0.20689137570402502
1111B0,1933382904.0,3.206814329004742e-08,5.75866447818122e-09,5.568677149285076,0.0,9.004531094861571e-06,0.0,1.09316162650831e-05,9.8294998003055e-06,1.1121233518661189,9.341139803520266e-07,1.4293047850032366e-06,0.6535442896106384,1.560528953554872e-08,3.9606036696186813e-07,0.03940129040240768
1111A0,1818129480.0,8.03023115823412e-08,3.203262514305103e-09,25.06891371647744,0.0,5.545376849727443e-06,0.0,1.2533760796838297e-05,9.438527389589138e-06,1.327936051831905,7.265709150703612e-07,3.8103726757942196e-07,1.906823759486774,1.790631545119658e-08,6.323020811993332e-08,0.2831924167833257
486000,1637010560.0,2.6878262776753255e-08,3.582499467500441e-09,7.502656461106633,0.0,5.279907380627506e-06,0.0,4.972478613699352e-07,7.941431357574923e-08,6.261438763122168,5.528369957491295e-07,6.429213717562947e-08,8.598827477750847,3.450313723083131e-08,1.365542301957064e-08,2.526698527125978
322110,1480384112.0,2.0940511147555467e-08,5.597613330556471e-09,3.740971358854779,0.0,0.0001034440199738359,0.0,5.8507112645910375e-05,1.1631391116042122e-05,5.030104487262648,1.3239807048131843e-06,6.340230983048194e-07,2.0882215622003315,4.1483828083667004e-08,3.486247858589243e-08,1.1899276748628536
711A00,1381037362.0,6.299612334456162e-08,6.266853440968127e-09,10.052273272060075,0.0,2.4327093426822577e-06,0.0,3.5480575217051947e-07,7.832815175272331e-08,4.5297347662513125,5.546555227808529e-07,2.492089867062097e-08,22.25664211037186,2.09538139924704e-08,4.792300458146453e-09,4.3723915425317115
812100,1381037362.0,6.299612334456162e-08,1.0828606188544864e-08,5.817565275501718,0.0,2.4102307699237347e-06,0.0,3.5480575217051947e-07,8.168477882453542e-08,4.34359690111504,5.546555227808529e-07,3.1880011154045566e-08,17.398222356345293,2.09538139924704e-08,7.1710522074981816e-09,2.921999922209563
812200,1381037362.0,6.299612334456162e-08,7.711776909097516e-09,8.168820764283993,0.0,6.280098641354809e-07,0.0,3.5480575217051947e-07,5.845286092756727e-08,6.069946732122869,5.546555227808529e-07,2.716689235315439e-08,20.416598099283554,2.09538139924704e-08,1.1698106222402071e-09,17.912142011792895
812300,1381037362.0,6.299612334456162e-08,1.3655403996645065e-08,4.613274229018699,0.0,4.1275249981712405e-06,0.0,3.5480575217051947e-07,1.0004492715350222e-07,3.5464641962918253,5.546555227808529e-07,3.833880120495311e-08,14.467210902494134,2.09538139924704e-08,1.0488046445844222e-08,1.997875781792817
812900,1381037362.0,6.299612334456162e-08,7.988942194934921e-09,7.885414840590769,0.0,2.4366937802604904e-06,0.0,3.5480575217051947e-07,2.0248286583307375e-07,1.7522754367918727,5.546555227808529e-07,5.049606065368093e-08,10.984134516648103,2.09538139924704e-08,5.987692068184627e-09,3.4994808941174
324121,1172202098.0,7.677856928729025e-09,3.905652663709576e-09,1.9658319850277268,0.0,4.682670593648928e-05,0.0,5.852233170120124e-07,3.891280379454259e-07,1.503935106043652,2.1352973214009723e-06,2.879567010388882e-06,0.741534165969141,1.8911414710673887e-08,1.6958829087523076e-08,1.1151368182952774
324122,1172202098.0,7.677856928729025e-09,3.6150225305843527e-09,2.1238752632304987,0.0,3.4457686053670334e-05,0.0,5.852233170120124e-07,2.8630443609213375e-07,2.0440595507353074,2.1352973214009723e-06,8.611927409439831e-07,2.4794650719656546,1.8911414710673887e-08,9.936978017417098e-09,1.903135407719207
813100,893527468.0,4.25280714481628e-08,7.027276416170316e-09,6.051856925721943,0.0,5.9541418139001235e-06,0.0,2.4733431026431525e-07,2.8381740784280623e-07,0.871455743832678,5.562224081509714e-07,1.0987490751650837e-07,5.062324244208357,7.374031841178943e-08,1.0735944080074297e-08,6.8685453148596425
813A00,893527468.0,4.25280714481628e-08,9.141715264240342e-09,4.652088827850491,0.0,1.8654779761968256e-06,0.0,2.4733431026431525e-07,9.014476632777424e-08,2.7437456475840882,5.562224081509714e-07,2.316417220388313e-08,24.0121858556089,7.374031841178943e-08,3.6598072323962213e-09,20.148689187520052
813B00,893527468.0,4.25280714481628e-08,1.4256475644706124e-08,2.983070466223874,0.0,3.293050271901681e-06,0.0,2.4733431026431525e-07,1.966996991878594e-07,1.2574208871976817,5.562224081509714e-07,4.862522086786252e-08,11.438969288437537,7.374031841178943e-08,8.72734004583849e-09,8.449346309927671
113000,891478966.0,1.5592067261405244e-07,7.225012907810619e-09,21.580677377820873,0.0,4.682010814988918e-06,0.0,0.00035385355351165963,0.00012843108684878316,2.755201736541345,4.6664028638450233e-07,1.601936009893299e-07,2.912977069637033,7.874554832738468e-09,1.3304613105420588e-07,0.0591866503019934
115000,891478966.0,1.5592067261405244e-07,1.6925043374933732e-08,9.212423812453771,0.0,3.7521431861214986e-06,0.0,0.00035385355351165963,1.980186060419106e-06,178.69712376258553,4.6664028638450233e-07,4.216357587026835e-07,1.1067379290131645,7.874554832738468e-09,4.751922180462929e-08,0.16571304271593384
562OTH,886609576.0,5.639460857797006e-09,1.077892939447215e-08,0.5231930418515534,0.0,3.5327968841256446e-06,0.0,2.9889142546324135e-07,1.0764762234541835e-07,2.7765724774130383,2.537757386008653e-07,3.750760793362339e-08,6.765980359237202,1.0850322690401464e-08,5.05786566331564e-09,2.145237420815291
312200,783546418.0,2.424872293909204e-08,2.000941287891566e-09,12.118657896575982,0.0,4.480893725419686e-06,0.0,2.2755512105474265e-06,9.214891146385491e-07,2.4694282052805403,4.5817323869126536e-07,6.59065087316966e-08,6.951866325623085,7.075522103911908e-09,5.435193132379192e-08,0.13017977340604053
212100,743774136.0,6.050223827627155e-08,3.6138311823116902e-09,16.741855173646922,0.0,0.0004515370115430449,0.0,6.305677722571412e-07,5.315183082390282e-07,1.1863519327232086,1.6295269509075803e-06,8.44637049561633e-07,1.9292629322302468,1.987969100339891e-08,1.63993977221669e-08,1.2122207986045568
562HAZ,698248138.0,5.728622508693321e-09,1.20805019726198e-08,0.4742040125217579,0.0,6.564608190601582e-06,0.0,1.618335858705863e-07,2.002380139705969e-07,0.8082061076292439,1.9190885404122623e-07,7.115791636345339e-08,2.6969431350548985,6.534926126791891e-09,9.550322189951836e-09,0.6842623732283578
2123A0,513021020.0,5.847713608304003e-09,5.013006433346094e-09,1.1665082991726297,0.0,2.4847995319005398e-05,0.0,5.45786603441707e-07,3.131047315788508e-07,1.7431439016891979,0.0001346397073554608,4.7641202210441195e-05,2.826119012713595,1.1311427356329367e-08,2.362217501784014e-08,0.4788478346209295
311615,419685448.0,8.101305432920324e-08,9.269488694781525e-09,8.73975437014249,0.0,1.1490976897147985e-05,0.0,1.903806776736276e-06,3.3288933940055578e-06,0.5719037984708433,8.649334918088463e-07,2.483609659108069e-07,3.482566145758457,2.9162316821621123e-08,7.74188218991194e-08,0.3766825186208734
324190,411357112.0,9.723911130531274e-09,3.0079653150030033e-09,3.2327204978165,0.0,5.793505040928373e-05,0.0,7.827748460077676e-07,5.42368525132762e-07,1.4432527142244445,1.2106269357511436e-06,2.027731138020529e-07,5.97035234628274,3.4070153623598956e-08,1.3454723201711602e-08,2.5322076948610004
221300,308182014.0,3.244835696349236e-09,7.236989756588467e-09,0.4483681482891664,0.0,8.808602573408564e-06,0.0,2.920352126714312e-07,2.1886007196756474e-07,1.3343466903122974,7.073741818041334e-07,4.094792649661729e-07,1.7274969511888951,1.3495271661116458e-08,2.7512266753893835e-07,0.04905183488454822
562212,305025306.0,0.0,1.2608829165731461e-08,0.0,0.0,5.982219814925309e-06,0.0,8.327177942409801e-07,1.9152174170462161e-07,4.3479021589374245,9.540192052130915e-07,7.400045613937677e-08,12.892071954478714,1.828372889166118e-08,7.672549136289498e-09,2.3830057738155235
541940,283868646.0,3.5227560848689152e-09,1.0949262525512586e-08,0.3217345530496355,0.0,1.8413651760277392e-06,0.0,1.3386473122501877e-07,6.357409313609136e-07,0.21056490878833006,1.7613780424344575e-07,4.863994491500682e-08,3.621258300173407,9.479736624382239e-09,1.33721722302401e-08,0.7089152353979237
621100,283868646.0,3.5227560848689152e-09,7.616084322941992e-09,0.46254163366564743,0.0,1.5996655356134606e-06,0.0,1.3386473122501877e-07,6.893990826846278e-08,1.941759636576953,1.7613780424344575e-07,2.7700826276378018e-08,6.358575823192968,9.479736624382239e-09,3.970145062434997e-09,2.3877557306603956
621200,283868646.0,3.5227560848689152e-09,1.0803757229207847e-08,0.32606768276365744,0.0,2.011278488224062e-06,0.0,1.3386473122501877e-07,7.624163814779142e-08,1.755795579385732,1.7613780424344575e-07,3.037152588128777e-08,5.79943875496773,9.479736624382239e-09,5.520087717303464e-09,1.7173163018164943
621300,283868646.0,3.5227560848689152e-09,1.0818999157770953e-08,0.32560831491872594,0.0,2.111479170616915e-06,0.0,1.3386473122501877e-07,8.671989475753826e-08,1.5436449917206843,1.7613780424344575e-07,4.693861970400815e-08,3.752513502828996,9.479736624382239e-09,5.509622642879455e-09,1.720578202689379
621400,283868646.0,3.5227560848689152e-09,1.1196851637333528e-08,0.31462023423825963,0.0,2.4266072444613892e-06,0.0,1.3386473122501877e-07,1.1593637727484455e-07,1.1546395908824403,1.7613780424344575e-07,4.894538526653603e-08,3.5986600837703735,9.479736624382239e-09,6.8393133588498175e-09,1.3860655488340523
621500,283868646.0,3.5227560848689152e-09,6.779809891145116e-09,0.5195951127582309,0.0,2.005659604290796e-06,0.0,1.3386473122501877e-07,8.904736102530534e-08,1.5032981290369436,1.7613780424344575e-07,6.440771710908046e-08,2.7347313668196,9.479736624382239e-09,4.786750536018177e-09,1.9804116703077423
621600,283868646.0,3.5227560848689152e-09,1.7865502882219982e-08,0.19718202773764712,0.0,2.333444775573309e-06,0.0,1.3386473122501877e-07,1.6698307352450975e-07,0.8016664707358505,1.7613780424344575e-07,5.694648716860367e-08,3.093040730009346,9.479736624382239e-09,6.047449167383638e-09,1.567559538244708
621900,283868646.0,3.5227560848689152e-09,1.1529505242852885e-08,0.30554269334780554,0.0,3.5449909963279084e-06,0.0,1.3386473122501877e-07,1.9876531211175857e-07,0.6734813524693456,1.7613780424344575e-07,1.0122305900208314e-07,1.7400956459913042,9.479736624382239e-09,8.253223026130483e-09,1.1486102573950199
622000,283868646.0,3.5227560848689152e-09,9.560320015515616e-09,0.36847679566706665,0.0,3.531173549458009e-06,0.0,1.3386473122501877e-07,2.8657903999853445e-07,0.4671127770743574,1.7613780424344575e-07,5.21520692596783e-08,3.3773886011389354,9.479736624382239e-09,1.0417525455148274e-08,0.9099796938530554
623A00,283868646.0,3.5227560848689152e-09,1.7888949113581122e-08,0.1969235902289236,0.0,3.147887563290256e-06,0.0,1.3386473122501877e-07,3.6523440759574013e-07,0.36651730625879864,1.7613780424344575e-07,4.086769933830799e-08,4.309951553312427,9.479736624382239e-09,1.1663423652658014e-08,0.8127747826618534
623B00,283868646.0,3.5227560848689152e-09,2.2111642535036442e-08,0.1593167978944586,0.0,3.0106722784500077e-06,0.0,1.3386473122501877e-07,5.648903733729589e-07,0.23697470789900849,1.7613780424344575e-07,4.291421682102487e-08,4.1044161420452845,9.479736624382239e-09,1.2951216323636434e-08,0.7319572453655476
624100,283868646.0,3.5227560848689152e-09,2.983479993124888e-08,0.11807540499640458,0.0,3.1132355165537937e-06,0.0,1.3386473122501877e-07,4.4426404672606393e-07,0.3013179486647962,1.7613780424344575e-07,5.349419676789581e-08,3.292652565804179,9.479736624382239e-09,1.1543898072277667e-08,0.8211902569676658
624400,283868646.0,3.5227560848689152e-09,2.019884888629563e-08,0.17440380413257162,0.0,3.3816644181554344e-06,0.0,1.3386473122501877e-07,5.061255807964073e-07,0.26448916297488395,1.7613780424344575e-07,7.493405505264526e-08,2.3505708335108695,9.479736624382239e-09,1.2438384715567978e-08,0.7621356664195574
624A00,283868646.0,3.5227560848689152e-09,1.7120636056458106e-08,0.20576081830441634,0.0,4.602127203028372e-06,0.0,1.3386473122501877e-07,1.3874306259486092e-06,0.0964839096971016,1.7613780424344575e-07,8.246066308548326e-08,2.13602216684641,9.479736624382239e-09,2.0709777070806035e-08,0.4577420892543332
441000,187521888.0,2.1330843256015e-08,7.988853178522642e-09,2.6700757642362456,0.0,2.4792650336060976e-06,0.0,4.799439732603375e-07,6.608367246015318e-08,7.262671025883615,3.62624335352255e-07,2.6506528054397583e-08,13.680567089287033,1.3011814386169146e-08,7.012809937577019e-09,1.8554351967315446
212310,80384114.0,1.2440268981505475e-08,5.3095256240080316e-09,2.3430095007460605,0.0,1.082039326589011e-05,0.0,1.7416376574107666e-07,1.725320087688851e-07,1.0094577057546312,0.0006481006931294907,7.6246578477473e-05,8.500062639807132,1.2601992478265047e-08,2.0673435910494716e-08,0.6095741671981937
112300,70981154.0,2.8176493157606314e-08,6.415239041354378e-09,4.392118980442189,0.0,1.581432154217432e-05,0.0,2.7331198362878126e-06,3.6982412308404374e-06,0.7390323306916088,4.649121371005042e-07,4.2945398488790056e-07,1.082565661189194,1.7370808031664287e-08,1.0937190488367666e-07,0.1588233107043271
2122A0,50395388.0,0.0,4.030257918077793e-09,0.0,0.0,1.565211365581582e-05,0.0,1.0715266246189035e-06,6.124529783189987e-07,1.7495655381739272,3.754311803294381e-05,1.041164502319717e-06,36.05877644627496,7.093903116689964e-08,2.7029990273505597e-08,2.624456407460607
212230,190298.0,0.0,3.6255860427966218e-09,0.0,0.0,1.5196611468225339e-05,0.0,0.0,4.793502438343568e-07,0.0,2.101966389557431e-05,3.9945255109326255e-07,52.62117825520339,1.576474792168073e-08,2.4966860583356706e-08,0.6314269216606975
